2026-03-31T00:00:00Z,-372977.4,101211.9,0.0,-0.305,-0.974,-0.001
2026-03-31T01:00:00Z,-374057.5,97699.6,-3.0,-0.295,-0.977,-0.001
2026-03-31T02:00:00Z,-375104.1,94178.3,-6.0,-0.286,-0.979,-0.001
2026-03-31T03:00:00Z,-376117.1,90648.3,-9.0,-0.277,-0.982,-0.001
2026-03-31T04:00:00Z,-377096.6,87110.0,-11.9,-0.267,-0.984,-0.001
2026-03-31T05:00:00Z,-378042.3,83563.7,-14.9,-0.258,-0.986,-0.001
2026-03-31T06:00:00Z,-378954.4,80009.7,-17.7,-0.249,-0.988,-0.001
2026-03-31T07:00:00Z,-379832.7,76448.4,-20.6,-0.239,-0.990,-0.001
2026-03-31T08:00:00Z,-380677.2,72880.1,-23.4,-0.230,-0.992,-0.001
2026-03-31T09:00:00Z,-381487.8,69305.2,-26.2,-0.220,-0.994,-0.001
2026-03-31T10:00:00Z,-382264.6,65723.9,-29.0,-0.211,-0.996,-0.001
2026-03-31T11:00:00Z,-383007.5,62136.5,-31.8,-0.202,-0.997,-0.001
2026-03-31T12:00:00Z,-383716.5,58543.5,-34.5,-0.192,-0.999,-0.001
2026-03-31T13:00:00Z,-384391.5,54945.1,-37.2,-0.183,-1.000,-0.001
2026-03-31T14:00:00Z,-385032.6,51341.7,-39.8,-0.173,-1.002,-0.001
2026-03-31T15:00:00Z,-385639.6,47733.5,-42.5,-0.164,-1.003,-0.001
2026-03-31T16:00:00Z,-386212.7,44121.0,-45.1,-0.154,-1.004,-0.001
2026-03-31T17:00:00Z,-386751.7,40504.4,-47.6,-0.145,-1.005,-0.001
2026-03-31T18:00:00Z,-387256.7,36884.2,-50.1,-0.136,-1.006,-0.001
2026-03-31T19:00:00Z,-387727.7,33260.5,-52.6,-0.126,-1.007,-0.001
2026-03-31T20:00:00Z,-388164.6,29633.7,-55.1,-0.117,-1.008,-0.001
2026-03-31T21:00:00Z,-388567.5,26004.2,-57.5,-0.107,-1.009,-0.001
2026-03-31T22:00:00Z,-388936.4,22372.3,-59.9,-0.098,-1.009,-0.001
2026-03-31T23:00:00Z,-389271.2,18738.3,-62.3,-0.088,-1.010,-0.001
2026-04-01T00:00:00Z,-389572.0,15102.5,-64.6,-0.079,-1.010,-0.001
2026-04-01T01:00:00Z,-389838.8,11465.3,-66.9,-0.069,-1.011,-0.001
2026-04-01T02:00:00Z,-390071.7,7826.9,-69.2,-0.060,-1.011,-0.001
2026-04-01T03:00:00Z,-390270.5,4187.8,-71.4,-0.051,-1.011,-0.001
2026-04-01T04:00:00Z,-390435.4,548.2,-73.6,-0.041,-1.011,-0.001
2026-04-01T05:00:00Z,-390566.4,-3091.6,-75.8,-0.032,-1.011,-0.001
2026-04-01T06:00:00Z,-390663.5,-6731.2,-77.9,-0.022,-1.011,-0.001
2026-04-01T07:00:00Z,-390726.7,-10370.4,-80.0,-0.013,-1.011,-0.001
2026-04-01T08:00:00Z,-390756.1,-14008.7,-82.1,-0.003,-1.011,-0.001
2026-04-01T09:00:00Z,-390751.7,-17645.9,-84.1,0.006,-1.010,-0.001
2026-04-01T10:00:00Z,-390713.5,-21281.7,-86.1,0.015,-1.010,-0.001
2026-04-01T11:00:00Z,-390641.6,-24915.7,-88.0,0.025,-1.009,-0.001
2026-04-01T12:00:00Z,-390536.1,-28547.6,-89.9,0.034,-1.009,-0.001
2026-04-01T13:00:00Z,-390396.9,-32177.2,-91.8,0.043,-1.008,-0.001
2026-04-01T14:00:00Z,-390224.1,-35804.1,-93.6,0.053,-1.007,-0.001
2026-04-01T15:00:00Z,-390017.8,-39427.9,-95.4,0.062,-1.006,-0.000
2026-04-01T16:00:00Z,-389778.0,-43048.4,-97.2,0.071,-1.005,-0.000
2026-04-01T17:00:00Z,-389504.8,-46665.3,-98.9,0.081,-1.004,-0.000
2026-04-01T18:00:00Z,-389198.3,-50278.2,-100.6,0.090,-1.003,-0.000
2026-04-01T19:00:00Z,-388858.5,-53886.8,-102.2,0.099,-1.002,-0.000
2026-04-01T20:00:00Z,-388485.4,-57490.9,-103.8,0.108,-1.000,-0.000
2026-04-01T21:00:00Z,-388079.2,-61090.1,-105.4,0.117,-0.999,-0.000
2026-04-01T22:00:00Z,-387640.0,-64684.2,-106.9,0.127,-0.998,-0.000
2026-04-01T23:00:00Z,-387167.7,-68272.7,-108.4,0.136,-0.996,-0.000
2026-04-02T00:00:00Z,-386662.5,-71855.4,-109.9,0.145,-0.994,-0.000
2026-04-02T01:00:00Z,-386124.4,-75432.1,-111.3,0.154,-0.993,-0.000
2026-04-02T02:00:00Z,-385553.6,-79002.4,-112.6,0.163,-0.991,-0.000
2026-04-02T03:00:00Z,-384950.1,-82565.9,-114.0,0.172,-0.989,-0.000
2026-04-02T04:00:00Z,-384314.0,-86122.5,-115.3,0.181,-0.987,-0.000
2026-04-02T05:00:00Z,-383645.4,-89671.7,-116.5,0.190,-0.985,-0.000
2026-04-02T06:00:00Z,-382944.5,-93213.4,-117.7,0.199,-0.983,-0.000
2026-04-02T07:00:00Z,-382211.1,-96747.2,-118.9,0.208,-0.980,-0.000
2026-04-02T08:00:00Z,-381445.6,-100272.8,-120.0,0.217,-0.978,-0.000
2026-04-02T09:00:00Z,-380648.0,-103789.9,-121.1,0.226,-0.976,-0.000
2026-04-02T10:00:00Z,-379818.3,-107298.3,-122.1,0.235,-0.973,-0.000
2026-04-02T11:00:00Z,-378956.7,-110797.6,-123.1,0.244,-0.971,-0.000
2026-04-02T12:00:00Z,-378063.4,-114287.6,-124.1,0.253,-0.968,-0.000
2026-04-02T13:00:00Z,-377138.3,-117767.9,-125.0,0.261,-0.965,-0.000
2026-04-02T14:00:00Z,-376181.7,-121238.3,-125.9,0.270,-0.963,-0.000
2026-04-02T15:00:00Z,-375193.5,-124698.5,-126.8,0.279,-0.960,-0.000
2026-04-02T16:00:00Z,-374174.1,-128148.2,-127.6,0.288,-0.957,-0.000
2026-04-02T17:00:00Z,-373123.4,-131587.1,-128.3,0.296,-0.954,-0.000
2026-04-02T18:00:00Z,-372041.6,-135015.0,-129.0,0.305,-0.951,-0.000
2026-04-02T19:00:00Z,-370928.8,-138431.6,-129.7,0.313,-0.947,-0.000
2026-04-02T20:00:00Z,-369785.2,-141836.5,-130.4,0.322,-0.944,-0.000
2026-04-02T21:00:00Z,-368610.8,-145229.6,-130.9,0.330,-0.941,-0.000
2026-04-02T22:00:00Z,-367405.9,-148610.5,-131.5,0.339,-0.937,-0.000
2026-04-02T23:00:00Z,-366170.4,-151979.0,-132.0,0.347,-0.934,-0.000
2026-04-03T00:00:00Z,-364904.7,-155334.7,-132.5,0.356,-0.930,-0.000
2026-04-03T01:00:00Z,-363608.7,-158677.5,-132.9,0.364,-0.927,-0.000
2026-04-03T02:00:00Z,-362282.7,-162007.1,-133.3,0.372,-0.923,-0.000
2026-04-03T03:00:00Z,-360926.7,-165323.1,-133.6,0.381,-0.919,-0.000
2026-04-03T04:00:00Z,-359541.0,-168625.4,-133.9,0.389,-0.915,-0.000
2026-04-03T05:00:00Z,-358125.7,-171913.6,-134.2,0.397,-0.911,-0.000
2026-04-03T06:00:00Z,-356680.9,-175187.5,-134.4,0.405,-0.907,-0.000
2026-04-03T07:00:00Z,-355206.8,-178446.9,-134.6,0.414,-0.903,-0.000
2026-04-03T08:00:00Z,-353703.5,-181691.5,-134.7,0.422,-0.899,-0.000
2026-04-03T09:00:00Z,-352171.1,-184920.9,-134.8,0.430,-0.895,-0.000
2026-04-03T10:00:00Z,-350609.9,-188135.1,-134.9,0.438,-0.891,-0.000
2026-04-03T11:00:00Z,-349020.0,-191333.6,-134.9,0.446,-0.886,0.000
2026-04-03T12:00:00Z,-347401.5,-194516.4,-134.9,0.454,-0.882,0.000
2026-04-03T13:00:00Z,-345754.7,-197683.0,-134.8,0.461,-0.877,0.000
2026-04-03T14:00:00Z,-344079.6,-200833.3,-134.7,0.469,-0.873,0.000
2026-04-03T15:00:00Z,-342376.4,-203967.1,-134.5,0.477,-0.868,0.000
2026-04-03T16:00:00Z,-340645.4,-207084.0,-134.3,0.485,-0.863,0.000
2026-04-03T17:00:00Z,-338886.6,-210183.8,-134.1,0.492,-0.859,0.000
2026-04-03T18:00:00Z,-337100.3,-213266.3,-133.8,0.500,-0.854,0.000
2026-04-03T19:00:00Z,-335286.6,-216331.3,-133.5,0.508,-0.849,0.000
2026-04-03T20:00:00Z,-333445.7,-219378.5,-133.1,0.515,-0.844,0.000
2026-04-03T21:00:00Z,-331577.7,-222407.7,-132.7,0.523,-0.839,0.000
2026-04-03T22:00:00Z,-329682.9,-225418.6,-132.3,0.530,-0.834,0.000
2026-04-03T23:00:00Z,-327761.4,-228411.0,-131.8,0.537,-0.829,0.000
2026-04-04T00:00:00Z,-325813.4,-231384.7,-131.3,0.545,-0.823,0.000
2026-04-04T01:00:00Z,-323839.1,-234339.5,-130.7,0.552,-0.818,0.000
2026-04-04T02:00:00Z,-321838.7,-237275.1,-130.1,0.559,-0.813,0.000
2026-04-04T03:00:00Z,-319812.4,-240191.3,-129.5,0.566,-0.807,0.000
2026-04-04T04:00:00Z,-317760.2,-243087.8,-128.8,0.574,-0.802,0.000
2026-04-04T05:00:00Z,-315682.5,-245964.6,-128.1,0.581,-0.796,0.000
2026-04-04T06:00:00Z,-313579.5,-248821.2,-127.3,0.588,-0.791,0.000
2026-04-04T07:00:00Z,-311451.2,-251657.6,-126.5,0.595,-0.785,0.000
2026-04-04T08:00:00Z,-309298.0,-254473.5,-125.7,0.602,-0.779,0.000
2026-04-04T09:00:00Z,-307120.0,-257268.6,-124.8,0.608,-0.774,0.000
2026-04-04T10:00:00Z,-304917.3,-260042.9,-123.9,0.615,-0.768,0.000
2026-04-04T11:00:00Z,-302690.3,-262796.0,-122.9,0.622,-0.762,0.000
2026-04-04T12:00:00Z,-300439.1,-265527.8,-121.9,0.629,-0.756,0.000
2026-04-04T13:00:00Z,-298163.8,-268238.0,-120.9,0.635,-0.750,0.000
2026-04-04T14:00:00Z,-295864.8,-270926.5,-119.8,0.642,-0.744,0.000
2026-04-04T15:00:00Z,-293542.2,-273593.0,-118.7,0.648,-0.738,0.000
2026-04-04T16:00:00Z,-291196.2,-276237.4,-117.5,0.655,-0.731,0.000
2026-04-04T17:00:00Z,-288827.0,-278859.4,-116.3,0.661,-0.725,0.000
2026-04-04T18:00:00Z,-286434.9,-281458.9,-115.1,0.668,-0.719,0.000
2026-04-04T19:00:00Z,-284020.0,-284035.7,-113.8,0.674,-0.713,0.000
2026-04-04T20:00:00Z,-281582.5,-286589.5,-112.5,0.680,-0.706,0.000
2026-04-04T21:00:00Z,-279122.7,-289120.1,-111.2,0.686,-0.700,0.000
2026-04-04T22:00:00Z,-276640.8,-291627.5,-109.8,0.692,-0.693,0.000
2026-04-04T23:00:00Z,-274136.9,-294111.4,-108.4,0.699,-0.687,0.000
2026-04-05T00:00:00Z,-271611.4,-296571.5,-106.9,0.705,-0.680,0.000
2026-04-05T01:00:00Z,-269064.4,-299007.8,-105.4,0.710,-0.673,0.000
2026-04-05T02:00:00Z,-266496.1,-301420.1,-103.9,0.716,-0.667,0.000
2026-04-05T03:00:00Z,-263906.8,-303808.1,-102.4,0.722,-0.660,0.000
2026-04-05T04:00:00Z,-261296.6,-306171.7,-100.8,0.728,-0.653,0.000
2026-04-05T05:00:00Z,-258665.9,-308510.8,-99.1,0.734,-0.646,0.000
2026-04-05T06:00:00Z,-256014.8,-310825.1,-97.5,0.739,-0.639,0.000
2026-04-05T07:00:00Z,-253343.5,-313114.4,-95.8,0.745,-0.632,0.000
2026-04-05T08:00:00Z,-250652.4,-315378.7,-94.0,0.750,-0.625,0.000
2026-04-05T09:00:00Z,-247941.5,-317617.7,-92.3,0.756,-0.618,0.000
2026-04-05T10:00:00Z,-245211.1,-319831.3,-90.5,0.761,-0.611,0.001
2026-04-05T11:00:00Z,-242461.5,-322019.3,-88.6,0.766,-0.604,0.001
2026-04-05T12:00:00Z,-239692.9,-324181.5,-86.8,0.772,-0.597,0.001
2026-04-05T13:00:00Z,-236905.5,-326317.8,-84.9,0.777,-0.590,0.001
2026-04-05T14:00:00Z,-234099.6,-328428.1,-82.9,0.782,-0.583,0.001
2026-04-05T15:00:00Z,-231275.3,-330512.1,-81.0,0.787,-0.575,0.001
2026-04-05T16:00:00Z,-228432.9,-332569.8,-79.0,0.792,-0.568,0.001
2026-04-05T17:00:00Z,-225572.7,-334600.9,-76.9,0.797,-0.561,0.001
2026-04-05T18:00:00Z,-222694.9,-336605.3,-74.9,0.802,-0.553,0.001
2026-04-05T19:00:00Z,-219799.7,-338583.0,-72.8,0.807,-0.546,0.001
2026-04-05T20:00:00Z,-216887.4,-340533.6,-70.6,0.811,-0.538,0.001
2026-04-05T21:00:00Z,-213958.1,-342457.2,-68.5,0.816,-0.531,0.001
2026-04-05T22:00:00Z,-211012.2,-344353.5,-66.3,0.821,-0.523,0.001
2026-04-05T23:00:00Z,-208049.9,-346222.4,-64.1,0.825,-0.515,0.001
2026-04-06T00:00:00Z,-205071.4,-348063.7,-61.8,0.830,-0.508,0.001
2026-04-06T01:00:00Z,-202076.9,-349877.4,-59.6,0.834,-0.500,0.001
2026-04-06T02:00:00Z,-199066.7,-351663.3,-57.3,0.838,-0.492,0.001
2026-04-06T03:00:00Z,-196041.1,-353421.3,-54.9,0.843,-0.484,0.001
2026-04-06T04:00:00Z,-193000.3,-355151.2,-52.6,0.847,-0.477,0.001
2026-04-06T05:00:00Z,-189944.5,-356852.9,-50.2,0.851,-0.469,0.001
2026-04-06T06:00:00Z,-186873.9,-358526.3,-47.8,0.855,-0.461,0.001
2026-04-06T07:00:00Z,-183788.9,-360171.3,-45.3,0.859,-0.453,0.001
2026-04-06T08:00:00Z,-180689.7,-361787.7,-42.8,0.863,-0.445,0.001
2026-04-06T09:00:00Z,-177576.5,-363375.4,-40.3,0.867,-0.437,0.001
2026-04-06T10:00:00Z,-174449.6,-364934.3,-37.8,0.870,-0.429,0.001
2026-04-06T11:00:00Z,-171309.2,-366464.3,-35.3,0.874,-0.421,0.001
2026-04-06T12:00:00Z,-168155.5,-367965.3,-32.7,0.878,-0.413,0.001
2026-04-06T13:00:00Z,-164988.9,-369437.1,-30.1,0.881,-0.405,0.001
2026-04-06T14:00:00Z,-161809.5,-370879.7,-27.5,0.885,-0.397,0.001
2026-04-06T15:00:00Z,-158617.7,-372293.0,-24.8,0.888,-0.388,0.001
2026-04-06T16:00:00Z,-155413.7,-373676.8,-22.2,0.892,-0.380,0.001
2026-04-06T17:00:00Z,-152197.6,-375031.0,-19.5,0.895,-0.372,0.001
2026-04-06T18:00:00Z,-148969.9,-376355.6,-16.8,0.898,-0.364,0.001
2026-04-06T19:00:00Z,-145730.7,-377650.3,-14.0,0.901,-0.356,0.001
2026-04-06T20:00:00Z,-142480.3,-378915.3,-11.3,0.904,-0.347,0.001
2026-04-06T21:00:00Z,-139219.0,-380150.2,-8.5,0.907,-0.339,0.001
2026-04-06T22:00:00Z,-135946.9,-381355.2,-5.7,0.910,-0.331,0.001
2026-04-06T23:00:00Z,-132664.5,-382529.9,-2.8,0.913,-0.322,0.001
2026-04-07T00:00:00Z,-129371.8,-383674.5,-0.0,0.916,-0.314,0.001
2026-04-07T01:00:00Z,-126069.2,-384788.7,2.9,0.919,-0.305,0.001
2026-04-07T02:00:00Z,-122757.0,-385872.5,5.7,0.921,-0.297,0.001
2026-04-07T03:00:00Z,-119435.4,-386925.8,8.7,0.924,-0.288,0.001
2026-04-07T04:00:00Z,-116104.6,-387948.6,11.6,0.926,-0.280,0.001
2026-04-07T05:00:00Z,-112765.0,-388940.7,14.5,0.929,-0.271,0.001
2026-04-07T06:00:00Z,-109416.8,-389902.0,17.5,0.931,-0.263,0.001
2026-04-07T07:00:00Z,-106060.2,-390832.6,20.4,0.934,-0.254,0.001
2026-04-07T08:00:00Z,-102695.5,-391732.3,23.4,0.936,-0.246,0.001
2026-04-07T09:00:00Z,-99322.9,-392601.0,26.4,0.938,-0.237,0.001
2026-04-07T10:00:00Z,-95942.8,-393438.7,29.5,0.940,-0.228,0.001
2026-04-07T11:00:00Z,-92555.4,-394245.3,32.5,0.942,-0.220,0.001
2026-04-07T12:00:00Z,-89161.0,-395020.8,35.6,0.944,-0.211,0.001
2026-04-07T13:00:00Z,-85759.8,-395765.0,38.6,0.946,-0.202,0.001
2026-04-07T14:00:00Z,-82352.1,-396478.0,41.7,0.947,-0.194,0.001
2026-04-07T15:00:00Z,-78938.1,-397159.6,44.8,0.949,-0.185,0.001
2026-04-07T16:00:00Z,-75518.2,-397809.8,47.9,0.951,-0.176,0.001
2026-04-07T17:00:00Z,-72092.5,-398428.6,51.0,0.952,-0.168,0.001
2026-04-07T18:00:00Z,-68661.4,-399015.8,54.2,0.954,-0.159,0.001
2026-04-07T19:00:00Z,-65225.1,-399571.5,57.3,0.955,-0.150,0.001
2026-04-07T20:00:00Z,-61784.0,-400095.6,60.5,0.957,-0.141,0.001
2026-04-07T21:00:00Z,-58338.1,-400588.1,63.6,0.958,-0.132,0.001
2026-04-07T22:00:00Z,-54887.9,-401048.8,66.8,0.959,-0.124,0.001
2026-04-07T23:00:00Z,-51433.6,-401477.8,70.0,0.960,-0.115,0.001
2026-04-08T00:00:00Z,-47975.5,-401875.0,73.2,0.961,-0.106,0.001
2026-04-08T01:00:00Z,-44513.8,-402240.3,76.4,0.962,-0.097,0.001
2026-04-08T02:00:00Z,-41048.8,-402573.8,79.6,0.963,-0.088,0.001
2026-04-08T03:00:00Z,-37580.7,-402875.4,82.8,0.964,-0.079,0.001
2026-04-08T04:00:00Z,-34109.9,-403145.1,86.1,0.964,-0.070,0.001
2026-04-08T05:00:00Z,-30636.7,-403382.8,89.3,0.965,-0.062,0.001
2026-04-08T06:00:00Z,-27161.2,-403588.5,92.5,0.966,-0.053,0.001
2026-04-08T07:00:00Z,-23683.7,-403762.1,95.8,0.966,-0.044,0.001
2026-04-08T08:00:00Z,-20204.6,-403903.7,99.0,0.967,-0.035,0.001
2026-04-08T09:00:00Z,-16724.1,-404013.3,102.3,0.967,-0.026,0.001
2026-04-08T10:00:00Z,-13242.5,-404090.7,105.6,0.967,-0.017,0.001
2026-04-08T11:00:00Z,-9760.0,-404136.0,108.8,0.967,-0.008,0.001
2026-04-08T12:00:00Z,-6276.9,-404149.2,112.1,0.968,0.001,0.001
2026-04-08T13:00:00Z,-2793.5,-404130.3,115.4,0.968,0.010,0.001
2026-04-08T14:00:00Z,689.9,-404079.1,118.6,0.968,0.019,0.001
2026-04-08T15:00:00Z,4173.1,-403995.8,121.9,0.967,0.028,0.001
2026-04-08T16:00:00Z,7655.8,-403880.4,125.2,0.967,0.037,0.001
2026-04-08T17:00:00Z,11137.7,-403732.7,128.5,0.967,0.045,0.001
2026-04-08T18:00:00Z,14618.5,-403552.8,131.7,0.967,0.054,0.001
2026-04-08T19:00:00Z,18098.1,-403340.7,135.0,0.966,0.063,0.001
2026-04-08T20:00:00Z,21576.0,-403096.5,138.3,0.966,0.072,0.001
2026-04-08T21:00:00Z,25052.0,-402820.0,141.5,0.965,0.081,0.001
2026-04-08T22:00:00Z,28525.9,-402511.3,144.8,0.965,0.090,0.001
2026-04-08T23:00:00Z,31997.3,-402170.4,148.1,0.964,0.099,0.001
2026-04-09T00:00:00Z,35466.1,-401797.4,151.3,0.963,0.108,0.001
2026-04-09T01:00:00Z,38931.8,-401392.1,154.6,0.962,0.117,0.001
2026-04-09T02:00:00Z,42394.4,-400954.7,157.9,0.961,0.126,0.001
2026-04-09T03:00:00Z,45853.3,-400485.2,161.1,0.960,0.135,0.001
2026-04-09T04:00:00Z,49308.5,-399983.5,164.4,0.959,0.144,0.001
2026-04-09T05:00:00Z,52759.6,-399449.7,167.6,0.958,0.153,0.001
2026-04-09T06:00:00Z,56206.4,-398883.8,170.8,0.957,0.162,0.001
2026-04-09T07:00:00Z,59648.5,-398285.8,174.0,0.955,0.171,0.001
2026-04-09T08:00:00Z,63085.7,-397655.7,177.3,0.954,0.179,0.001
2026-04-09T09:00:00Z,66517.7,-396993.6,180.5,0.953,0.188,0.001
2026-04-09T10:00:00Z,69944.2,-396299.6,183.7,0.951,0.197,0.001
2026-04-09T11:00:00Z,73365.1,-395573.5,186.9,0.949,0.206,0.001
2026-04-09T12:00:00Z,76779.9,-394815.5,190.0,0.948,0.215,0.001
2026-04-09T13:00:00Z,80188.4,-394025.6,193.2,0.946,0.224,0.001
2026-04-09T14:00:00Z,83590.3,-393203.8,196.4,0.944,0.233,0.001
2026-04-09T15:00:00Z,86985.4,-392350.2,199.5,0.942,0.242,0.001
2026-04-09T16:00:00Z,90373.4,-391464.9,202.7,0.940,0.250,0.001
2026-04-09T17:00:00Z,93754.0,-390547.7,205.8,0.938,0.259,0.001
2026-04-09T18:00:00Z,97126.9,-389598.9,208.9,0.936,0.268,0.001
2026-04-09T19:00:00Z,100491.9,-388618.4,212.0,0.934,0.277,0.001
2026-04-09T20:00:00Z,103848.7,-387606.3,215.1,0.931,0.286,0.001
2026-04-09T21:00:00Z,107196.9,-386562.7,218.1,0.929,0.294,0.001
2026-04-09T22:00:00Z,110536.4,-385487.5,221.2,0.926,0.303,0.001
2026-04-09T23:00:00Z,113866.8,-384380.9,224.2,0.924,0.312,0.001
2026-04-10T00:00:00Z,117187.9,-383243.0,227.2,0.921,0.320,0.001
2026-04-10T01:00:00Z,120499.4,-382073.7,230.2,0.918,0.329,0.001
2026-04-10T02:00:00Z,123801.0,-380873.1,233.2,0.916,0.338,0.001
2026-04-10T03:00:00Z,127092.5,-379641.4,236.2,0.913,0.346,0.001
2026-04-10T04:00:00Z,130373.5,-378378.5,239.1,0.910,0.355,0.001
2026-04-10T05:00:00Z,133643.8,-377084.5,242.1,0.907,0.364,0.001
2026-04-10T06:00:00Z,136903.2,-375759.6,245.0,0.904,0.372,0.001
2026-04-10T07:00:00Z,140151.2,-374403.7,247.9,0.901,0.381,0.001
2026-04-10T08:00:00Z,143387.8,-373017.1,250.7,0.897,0.389,0.001
2026-04-10T09:00:00Z,146612.5,-371599.6,253.6,0.894,0.398,0.001
2026-04-10T10:00:00Z,149825.2,-370151.5,256.4,0.891,0.407,0.001
2026-04-10T11:00:00Z,153025.4,-368672.8,259.2,0.887,0.415,0.001
2026-04-10T12:00:00Z,156213.1,-367163.5,262.0,0.884,0.423,0.001
2026-04-10T13:00:00Z,159387.9,-365623.9,264.7,0.880,0.432,0.001
2026-04-10T14:00:00Z,162549.4,-364053.9,267.5,0.876,0.440,0.001
2026-04-10T15:00:00Z,165697.5,-362453.7,270.2,0.873,0.449,0.001
2026-04-10T16:00:00Z,168831.9,-360823.3,272.8,0.869,0.457,0.001
2026-04-10T17:00:00Z,171952.3,-359162.9,275.5,0.865,0.465,0.001
2026-04-10T18:00:00Z,175058.4,-357472.5,278.1,0.861,0.474,0.001
2026-04-10T19:00:00Z,178150.0,-355752.3,280.7,0.857,0.482,0.001
2026-04-10T20:00:00Z,181226.8,-354002.3,283.3,0.853,0.490,0.001
2026-04-10T21:00:00Z,184288.4,-352222.7,285.8,0.848,0.498,0.001
2026-04-10T22:00:00Z,187334.7,-350413.6,288.4,0.844,0.507,0.001
2026-04-10T23:00:00Z,190365.4,-348575.0,290.8,0.840,0.515,0.001
2026-04-11T00:00:00Z,193380.1,-346707.2,293.3,0.835,0.523,0.001
2026-04-11T01:00:00Z,196378.7,-344810.2,295.7,0.831,0.531,0.001
2026-04-11T02:00:00Z,199360.9,-342884.1,298.1,0.826,0.539,0.001
2026-04-11T03:00:00Z,202326.3,-340929.0,300.5,0.821,0.547,0.001
2026-04-11T04:00:00Z,205274.7,-338945.1,302.8,0.817,0.555,0.001
2026-04-11T05:00:00Z,208205.9,-336932.5,305.1,0.812,0.563,0.001
2026-04-11T06:00:00Z,211119.6,-334891.4,307.4,0.807,0.571,0.001
2026-04-11T07:00:00Z,214015.5,-332821.8,309.6,0.802,0.579,0.001
2026-04-11T08:00:00Z,216893.3,-330723.9,311.8,0.797,0.587,0.001
2026-04-11T09:00:00Z,219752.8,-328597.8,314.0,0.792,0.594,0.001
2026-04-11T10:00:00Z,222593.7,-326443.7,316.1,0.787,0.602,0.001
2026-04-11T11:00:00Z,225415.8,-324261.7,318.2,0.781,0.610,0.001
2026-04-11T12:00:00Z,228218.8,-322052.0,320.3,0.776,0.618,0.001
2026-04-11T13:00:00Z,231002.3,-319814.7,322.3,0.770,0.625,0.001
2026-04-11T14:00:00Z,233766.3,-317549.9,324.3,0.765,0.633,0.001
2026-04-11T15:00:00Z,236510.3,-315257.7,326.2,0.759,0.640,0.001
2026-04-11T16:00:00Z,239234.1,-312938.5,328.1,0.754,0.648,0.001
2026-04-11T17:00:00Z,241937.5,-310592.2,330.0,0.748,0.655,0.001
2026-04-11T18:00:00Z,244620.3,-308219.1,331.8,0.742,0.663,0.001
2026-04-11T19:00:00Z,247282.0,-305819.4,333.6,0.736,0.670,0.000
2026-04-11T20:00:00Z,249922.6,-303393.1,335.4,0.731,0.678,0.000
2026-04-11T21:00:00Z,252541.7,-300940.5,337.1,0.725,0.685,0.000
2026-04-11T22:00:00Z,255139.0,-298461.7,338.7,0.718,0.692,0.000
2026-04-11T23:00:00Z,257714.4,-295956.9,340.4,0.712,0.699,0.000
2026-04-12T00:00:00Z,260267.5,-293426.2,341.9,0.706,0.707,0.000
2026-04-12T01:00:00Z,262798.2,-290869.9,343.5,0.700,0.714,0.000
2026-04-12T02:00:00Z,265306.0,-288288.2,345.0,0.693,0.721,0.000
2026-04-12T03:00:00Z,267790.9,-285681.1,346.4,0.687,0.728,0.000
2026-04-12T04:00:00Z,270252.5,-283048.9,347.8,0.681,0.735,0.000
2026-04-12T05:00:00Z,272690.7,-280391.8,349.2,0.674,0.742,0.000
2026-04-12T06:00:00Z,275105.0,-277710.0,350.5,0.667,0.748,0.000
2026-04-12T07:00:00Z,277495.4,-275003.6,351.8,0.661,0.755,0.000
2026-04-12T08:00:00Z,279861.5,-272272.9,353.0,0.654,0.762,0.000
2026-04-12T09:00:00Z,282203.1,-269518.0,354.2,0.647,0.769,0.000
2026-04-12T10:00:00Z,284519.9,-266739.2,355.4,0.640,0.775,0.000
2026-04-12T11:00:00Z,286811.8,-263936.7,356.4,0.633,0.782,0.000
2026-04-12T12:00:00Z,289078.4,-261110.6,357.5,0.626,0.788,0.000
2026-04-12T13:00:00Z,291319.5,-258261.1,358.5,0.619,0.795,0.000
2026-04-12T14:00:00Z,293535.0,-255388.6,359.4,0.612,0.801,0.000
2026-04-12T15:00:00Z,295724.4,-252493.1,360.3,0.605,0.807,0.000
2026-04-12T16:00:00Z,297887.7,-249575.0,361.2,0.597,0.814,0.000
2026-04-12T17:00:00Z,300024.5,-246634.4,362.0,0.590,0.820,0.000
2026-04-12T18:00:00Z,302134.7,-243671.5,362.7,0.582,0.826,0.000
2026-04-12T19:00:00Z,304218.0,-240686.7,363.4,0.575,0.832,0.000
2026-04-12T20:00:00Z,306274.1,-237680.0,364.0,0.567,0.838,0.000
2026-04-12T21:00:00Z,308302.8,-234651.8,364.6,0.560,0.844,0.000
2026-04-12T22:00:00Z,310304.0,-231602.2,365.2,0.552,0.850,0.000
2026-04-12T23:00:00Z,312277.3,-228531.5,365.7,0.544,0.856,0.000
2026-04-13T00:00:00Z,314222.6,-225440.0,366.1,0.536,0.862,0.000
2026-04-13T01:00:00Z,316139.5,-222327.9,366.5,0.529,0.867,0.000
2026-04-13T02:00:00Z,318028.0,-219195.4,366.8,0.521,0.873,0.000
2026-04-13T03:00:00Z,319887.8,-216042.7,367.1,0.513,0.879,0.000
2026-04-13T04:00:00Z,321718.6,-212870.2,367.3,0.505,0.884,0.000
2026-04-13T05:00:00Z,323520.2,-209678.1,367.5,0.496,0.889,0.000
2026-04-13T06:00:00Z,325292.5,-206466.6,367.6,0.488,0.895,0.000
2026-04-13T07:00:00Z,327035.2,-203235.9,367.7,0.480,0.900,0.000
2026-04-13T08:00:00Z,328748.0,-199986.5,367.7,0.472,0.905,-0.000
2026-04-13T09:00:00Z,330430.9,-196718.4,367.6,0.463,0.910,-0.000
2026-04-13T10:00:00Z,332083.5,-193432.0,367.5,0.455,0.915,-0.000
2026-04-13T11:00:00Z,333705.7,-190127.6,367.3,0.446,0.920,-0.000
2026-04-13T12:00:00Z,335297.2,-186805.4,367.1,0.438,0.925,-0.000
2026-04-13T13:00:00Z,336857.9,-183465.6,366.8,0.429,0.930,-0.000
2026-04-13T14:00:00Z,338387.5,-180108.6,366.5,0.421,0.935,-0.000
2026-04-13T15:00:00Z,339885.9,-176734.7,366.1,0.412,0.940,-0.000
2026-04-13T16:00:00Z,341352.8,-173344.1,365.6,0.403,0.944,-0.000
2026-04-13T17:00:00Z,342788.1,-169937.1,365.1,0.394,0.949,-0.000
2026-04-13T18:00:00Z,344191.6,-166514.0,364.5,0.385,0.953,-0.000
2026-04-13T19:00:00Z,345563.0,-163075.1,363.9,0.376,0.957,-0.000
2026-04-13T20:00:00Z,346902.3,-159620.7,363.2,0.368,0.962,-0.000
2026-04-13T21:00:00Z,348209.1,-156151.0,362.5,0.358,0.966,-0.000
2026-04-13T22:00:00Z,349483.4,-152666.4,361.7,0.349,0.970,-0.000
2026-04-13T23:00:00Z,350724.9,-149167.2,360.8,0.340,0.974,-0.000
2026-04-14T00:00:00Z,351933.4,-145653.7,359.9,0.331,0.978,-0.000
2026-04-14T01:00:00Z,353108.9,-142126.2,358.9,0.322,0.982,-0.000
2026-04-14T02:00:00Z,354251.1,-138584.9,357.8,0.313,0.986,-0.000
2026-04-14T03:00:00Z,355359.8,-135030.2,356.7,0.303,0.989,-0.000
2026-04-14T04:00:00Z,356434.9,-131462.5,355.6,0.294,0.993,-0.000
2026-04-14T05:00:00Z,357476.2,-127882.0,354.3,0.285,0.996,-0.000
2026-04-14T06:00:00Z,358483.5,-124289.0,353.0,0.275,1.000,-0.000
2026-04-14T07:00:00Z,359456.7,-120683.9,351.7,0.266,1.003,-0.000
2026-04-14T08:00:00Z,360395.7,-117067.0,350.3,0.256,1.006,-0.000
2026-04-14T09:00:00Z,361300.2,-113438.6,348.8,0.246,1.009,-0.000
2026-04-14T10:00:00Z,362170.2,-109799.0,347.2,0.237,1.013,-0.000
2026-04-14T11:00:00Z,363005.4,-106148.6,345.6,0.227,1.015,-0.000
2026-04-14T12:00:00Z,363805.7,-102487.7,344.0,0.217,1.018,-0.000
2026-04-14T13:00:00Z,364571.1,-98816.7,342.3,0.208,1.021,-0.000
2026-04-14T14:00:00Z,365301.3,-95135.9,340.5,0.198,1.024,-0.001
2026-04-14T15:00:00Z,365996.2,-91445.5,338.6,0.188,1.026,-0.001
2026-04-14T16:00:00Z,366655.7,-87746.1,336.7,0.178,1.029,-0.001
2026-04-14T17:00:00Z,367279.6,-84037.8,334.7,0.168,1.031,-0.001
2026-04-14T18:00:00Z,367867.9,-80321.1,332.7,0.158,1.034,-0.001
2026-04-14T19:00:00Z,368420.3,-76596.3,330.6,0.148,1.036,-0.001
2026-04-14T20:00:00Z,368936.9,-72863.8,328.4,0.138,1.038,-0.001
2026-04-14T21:00:00Z,369417.4,-69123.8,326.2,0.128,1.040,-0.001
2026-04-14T22:00:00Z,369861.7,-65376.8,323.9,0.118,1.042,-0.001
2026-04-14T23:00:00Z,370269.8,-61623.2,321.6,0.108,1.044,-0.001
2026-04-15T00:00:00Z,370641.6,-57863.2,319.1,0.098,1.045,-0.001
2026-04-15T01:00:00Z,370976.8,-54097.3,316.7,0.088,1.047,-0.001
2026-04-15T02:00:00Z,371275.5,-50325.8,314.1,0.078,1.048,-0.001
2026-04-15T03:00:00Z,371537.6,-46549.0,311.5,0.068,1.050,-0.001
2026-04-15T04:00:00Z,371762.9,-42767.4,308.8,0.057,1.051,-0.001
2026-04-15T05:00:00Z,371951.3,-38981.3,306.1,0.047,1.052,-0.001
2026-04-15T06:00:00Z,372102.8,-35191.0,303.3,0.037,1.053,-0.001
2026-04-15T07:00:00Z,372217.3,-31397.1,300.5,0.027,1.054,-0.001
2026-04-15T08:00:00Z,372294.7,-27599.7,297.5,0.016,1.055,-0.001
2026-04-15T09:00:00Z,372335.0,-23799.4,294.6,0.006,1.056,-0.001
2026-04-15T10:00:00Z,372338.0,-19996.4,291.5,-0.004,1.057,-0.001
2026-04-15T11:00:00Z,372303.8,-16191.2,288.4,-0.015,1.057,-0.001
2026-04-15T12:00:00Z,372232.2,-12384.2,285.2,-0.025,1.058,-0.001
2026-04-15T13:00:00Z,372123.2,-8575.7,282.0,-0.035,1.058,-0.001
2026-04-15T14:00:00Z,371976.7,-4766.0,278.7,-0.046,1.058,-0.001
2026-04-15T15:00:00Z,371792.8,-955.7,275.3,-0.056,1.058,-0.001
2026-04-15T16:00:00Z,371571.2,2854.9,271.9,-0.067,1.059,-0.001
2026-04-15T17:00:00Z,371312.1,6665.4,268.4,-0.077,1.058,-0.001
2026-04-15T18:00:00Z,371015.3,10475.5,264.9,-0.088,1.058,-0.001
2026-04-15T19:00:00Z,370680.9,14284.7,261.3,-0.098,1.058,-0.001
2026-04-15T20:00:00Z,370308.8,18092.7,257.6,-0.109,1.058,-0.001
2026-04-15T21:00:00Z,369899.0,21899.0,253.9,-0.119,1.057,-0.001
2026-04-15T22:00:00Z,369451.5,25703.3,250.1,-0.130,1.056,-0.001
2026-04-15T23:00:00Z,368966.2,29505.2,246.3,-0.140,1.056,-0.001
2026-04-16T00:00:00Z,368443.1,33304.2,242.4,-0.151,1.055,-0.001
2026-04-16T01:00:00Z,367882.3,37100.0,238.4,-0.161,1.054,-0.001
2026-04-16T02:00:00Z,367283.7,40892.2,234.4,-0.172,1.053,-0.001
2026-04-16T03:00:00Z,366647.4,44680.3,230.3,-0.182,1.052,-0.001
2026-04-16T04:00:00Z,365973.3,48464.0,226.1,-0.192,1.050,-0.001
2026-04-16T05:00:00Z,365261.4,52242.8,221.9,-0.203,1.049,-0.001
2026-04-16T06:00:00Z,364511.9,56016.5,217.6,-0.213,1.047,-0.001
2026-04-16T07:00:00Z,363724.6,59784.4,213.3,-0.224,1.046,-0.001
2026-04-16T08:00:00Z,362899.6,63546.4,208.9,-0.234,1.044,-0.001
2026-04-16T09:00:00Z,362037.1,67301.9,204.5,-0.245,1.042,-0.001
2026-04-16T10:00:00Z,361136.9,71050.6,200.0,-0.255,1.040,-0.001
2026-04-16T11:00:00Z,360199.1,74792.0,195.4,-0.266,1.038,-0.001
2026-04-16T12:00:00Z,359223.8,78525.7,190.8,-0.276,1.036,-0.001
2026-04-16T13:00:00Z,358211.0,82251.4,186.1,-0.287,1.034,-0.001
2026-04-16T14:00:00Z,357160.8,85968.6,181.4,-0.297,1.031,-0.001
2026-04-16T15:00:00Z,356073.3,89676.9,176.6,-0.307,1.029,-0.001
2026-04-16T16:00:00Z,354948.4,93376.0,171.8,-0.318,1.026,-0.001
2026-04-16T17:00:00Z,353786.3,97065.3,166.9,-0.328,1.023,-0.001
2026-04-16T18:00:00Z,352587.1,100744.6,162.0,-0.338,1.021,-0.001
2026-04-16T19:00:00Z,351350.8,104413.4,157.0,-0.349,1.018,-0.001
2026-04-16T20:00:00Z,350077.5,108071.3,151.9,-0.359,1.015,-0.001
2026-04-16T21:00:00Z,348767.3,111717.9,146.8,-0.369,1.011,-0.001
2026-04-16T22:00:00Z,347420.2,115352.7,141.6,-0.379,1.008,-0.001
2026-04-16T23:00:00Z,346036.5,118975.5,136.4,-0.389,1.005,-0.001
2026-04-17T00:00:00Z,344616.1,122585.7,131.1,-0.400,1.001,-0.001
2026-04-17T01:00:00Z,343159.3,126183.0,125.8,-0.410,0.997,-0.001
2026-04-17T02:00:00Z,341666.0,129767.0,120.5,-0.420,0.994,-0.001
2026-04-17T03:00:00Z,340136.5,133337.3,115.0,-0.430,0.990,-0.002
2026-04-17T04:00:00Z,338570.8,136893.5,109.6,-0.440,0.986,-0.002
2026-04-17T05:00:00Z,336969.1,140435.1,104.1,-0.450,0.982,-0.002
2026-04-17T06:00:00Z,335331.5,143961.8,98.5,-0.460,0.978,-0.002
2026-04-17T07:00:00Z,333658.1,147473.2,92.9,-0.470,0.973,-0.002
2026-04-17T08:00:00Z,331949.1,150968.9,87.2,-0.480,0.969,-0.002
2026-04-17T09:00:00Z,330204.7,154448.5,81.5,-0.489,0.964,-0.002
2026-04-17T10:00:00Z,328424.9,157911.5,75.7,-0.499,0.960,-0.002
2026-04-17T11:00:00Z,326610.0,161357.7,69.9,-0.509,0.955,-0.002
2026-04-17T12:00:00Z,324760.1,164786.6,64.1,-0.519,0.950,-0.002
2026-04-17T13:00:00Z,322875.3,168197.8,58.2,-0.528,0.945,-0.002
2026-04-17T14:00:00Z,320955.9,171590.9,52.3,-0.538,0.940,-0.002
2026-04-17T15:00:00Z,319002.0,174965.6,46.3,-0.548,0.935,-0.002
2026-04-17T16:00:00Z,317013.8,178321.5,40.3,-0.557,0.930,-0.002
2026-04-17T17:00:00Z,314991.5,181658.1,34.2,-0.566,0.924,-0.002
2026-04-17T18:00:00Z,312935.2,184975.1,28.1,-0.576,0.919,-0.002
2026-04-17T19:00:00Z,310845.2,188272.2,22.0,-0.585,0.913,-0.002
2026-04-17T20:00:00Z,308721.7,191548.9,15.8,-0.595,0.907,-0.002
2026-04-17T21:00:00Z,306564.9,194804.8,9.5,-0.604,0.902,-0.002
2026-04-17T22:00:00Z,304374.9,198039.7,3.3,-0.613,0.896,-0.002
2026-04-17T23:00:00Z,302152.0,201253.0,-3.0,-0.622,0.890,-0.002
2026-04-18T00:00:00Z,299896.5,204444.6,-9.4,-0.631,0.883,-0.002
2026-04-18T01:00:00Z,297608.4,207613.9,-15.7,-0.640,0.877,-0.002
2026-04-18T02:00:00Z,295288.2,210760.6,-22.1,-0.649,0.871,-0.002
2026-04-18T03:00:00Z,292935.9,213884.4,-28.6,-0.658,0.864,-0.002
2026-04-18T04:00:00Z,290551.9,216984.8,-35.1,-0.667,0.858,-0.002
2026-04-18T05:00:00Z,288136.3,220061.7,-41.6,-0.675,0.851,-0.002
2026-04-18T06:00:00Z,285689.5,223114.5,-48.1,-0.684,0.845,-0.002
2026-04-18T07:00:00Z,283211.6,226143.0,-54.7,-0.693,0.838,-0.002
2026-04-18T08:00:00Z,280702.9,229146.7,-61.3,-0.701,0.831,-0.002
2026-04-18T09:00:00Z,278163.8,232125.4,-68.0,-0.710,0.824,-0.002
2026-04-18T10:00:00Z,275594.4,235078.7,-74.6,-0.718,0.817,-0.002
2026-04-18T11:00:00Z,272995.0,238006.3,-81.3,-0.726,0.810,-0.002
2026-04-18T12:00:00Z,270365.8,240907.8,-88.0,-0.734,0.802,-0.002
2026-04-18T13:00:00Z,267707.3,243782.8,-94.8,-0.743,0.795,-0.002
2026-04-18T14:00:00Z,265019.6,246631.2,-101.6,-0.751,0.787,-0.002
2026-04-18T15:00:00Z,262303.0,249452.5,-108.4,-0.759,0.780,-0.002
2026-04-18T16:00:00Z,259557.8,252246.4,-115.2,-0.766,0.772,-0.002
2026-04-18T17:00:00Z,256784.4,255012.6,-122.1,-0.774,0.765,-0.002
2026-04-18T18:00:00Z,253982.9,257750.8,-128.9,-0.782,0.757,-0.002
2026-04-18T19:00:00Z,251153.8,260460.6,-135.8,-0.790,0.749,-0.002
2026-04-18T20:00:00Z,248297.2,263141.8,-142.8,-0.797,0.741,-0.002
2026-04-18T21:00:00Z,245413.6,265794.1,-149.7,-0.805,0.733,-0.002
2026-04-18T22:00:00Z,242503.2,268417.1,-156.6,-0.812,0.725,-0.002
2026-04-18T23:00:00Z,239566.3,271010.6,-163.6,-0.819,0.716,-0.002
2026-04-19T00:00:00Z,236603.3,273574.2,-170.6,-0.827,0.708,-0.002
2026-04-19T01:00:00Z,233614.5,276107.7,-177.6,-0.834,0.700,-0.002
2026-04-19T02:00:00Z,230600.2,278610.8,-184.7,-0.841,0.691,-0.002
2026-04-19T03:00:00Z,227560.8,281083.1,-191.7,-0.848,0.682,-0.002
2026-04-19T04:00:00Z,224496.5,283524.5,-198.7,-0.855,0.674,-0.002
2026-04-19T05:00:00Z,221407.7,285934.7,-205.8,-0.861,0.665,-0.002
2026-04-19T06:00:00Z,218294.8,288313.3,-212.9,-0.868,0.656,-0.002
2026-04-19T07:00:00Z,215158.0,290660.1,-220.0,-0.875,0.647,-0.002
2026-04-19T08:00:00Z,211997.8,292974.9,-227.1,-0.881,0.639,-0.002
2026-04-19T09:00:00Z,208814.5,295257.4,-234.2,-0.887,0.630,-0.002
2026-04-19T10:00:00Z,205608.4,297507.3,-241.3,-0.894,0.620,-0.002
2026-04-19T11:00:00Z,202379.9,299724.4,-248.4,-0.900,0.611,-0.002
2026-04-19T12:00:00Z,199129.4,301908.4,-255.6,-0.906,0.602,-0.002
2026-04-19T13:00:00Z,195857.2,304059.1,-262.7,-0.912,0.593,-0.002
2026-04-19T14:00:00Z,192563.6,306176.3,-269.9,-0.918,0.583,-0.002
2026-04-19T15:00:00Z,189249.1,308259.8,-277.0,-0.924,0.574,-0.002
2026-04-19T16:00:00Z,185914.1,310309.3,-284.1,-0.929,0.565,-0.002
2026-04-19T17:00:00Z,182558.7,312324.5,-291.3,-0.935,0.555,-0.002
2026-04-19T18:00:00Z,179183.6,314305.3,-298.4,-0.940,0.545,-0.002
2026-04-19T19:00:00Z,175789.0,316251.5,-305.6,-0.946,0.536,-0.002
2026-04-19T20:00:00Z,172375.3,318162.8,-312.7,-0.951,0.526,-0.002
2026-04-19T21:00:00Z,168942.8,320039.1,-319.9,-0.956,0.516,-0.002
2026-04-19T22:00:00Z,165492.1,321880.1,-327.0,-0.961,0.506,-0.002
2026-04-19T23:00:00Z,162023.4,323685.7,-334.2,-0.966,0.497,-0.002
2026-04-20T00:00:00Z,158537.2,325455.7,-341.3,-0.971,0.487,-0.002
2026-04-20T01:00:00Z,155033.8,327189.8,-348.4,-0.976,0.477,-0.002
2026-04-20T02:00:00Z,151513.7,328887.9,-355.6,-0.980,0.467,-0.002
2026-04-20T03:00:00Z,147977.1,330549.9,-362.7,-0.985,0.457,-0.002
2026-04-20T04:00:00Z,144424.6,332175.5,-369.8,-0.989,0.446,-0.002
2026-04-20T05:00:00Z,140856.5,333764.6,-376.9,-0.993,0.436,-0.002
2026-04-20T06:00:00Z,137273.2,335317.0,-384.0,-0.997,0.426,-0.002
2026-04-20T07:00:00Z,133675.1,336832.6,-391.0,-1.001,0.416,-0.002
2026-04-20T08:00:00Z,130062.7,338311.2,-398.1,-1.005,0.406,-0.002
2026-04-20T09:00:00Z,126436.2,339752.8,-405.1,-1.009,0.395,-0.002
2026-04-20T10:00:00Z,122796.2,341157.0,-412.2,-1.013,0.385,-0.002
2026-04-20T11:00:00Z,119143.0,342523.9,-419.2,-1.017,0.374,-0.002
2026-04-20T12:00:00Z,115477.1,343853.2,-426.2,-1.020,0.364,-0.002
2026-04-20T13:00:00Z,111798.8,345144.9,-433.1,-1.023,0.354,-0.002
2026-04-20T14:00:00Z,108108.5,346398.8,-440.1,-1.027,0.343,-0.002
2026-04-20T15:00:00Z,104406.8,347614.8,-447.0,-1.030,0.333,-0.002
2026-04-20T16:00:00Z,100693.8,348792.9,-454.0,-1.033,0.322,-0.002
2026-04-20T17:00:00Z,96970.2,349932.8,-460.9,-1.036,0.311,-0.002
2026-04-20T18:00:00Z,93236.3,351034.5,-467.7,-1.039,0.301,-0.002
2026-04-20T19:00:00Z,89492.5,352097.9,-474.6,-1.041,0.290,-0.002
2026-04-20T20:00:00Z,85739.2,353123.0,-481.4,-1.044,0.279,-0.002
2026-04-20T21:00:00Z,81976.8,354109.5,-488.2,-1.046,0.269,-0.002
2026-04-20T22:00:00Z,78205.8,355057.5,-495.0,-1.049,0.258,-0.002
2026-04-20T23:00:00Z,74426.6,355966.9,-501.7,-1.051,0.247,-0.002
2026-04-21T00:00:00Z,70639.6,356837.6,-508.4,-1.053,0.236,-0.002
2026-04-21T01:00:00Z,66845.1,357669.5,-515.1,-1.055,0.226,-0.002
2026-04-21T02:00:00Z,63043.7,358462.6,-521.8,-1.057,0.215,-0.002
2026-04-21T03:00:00Z,59235.8,359216.8,-528.4,-1.059,0.204,-0.002
2026-04-21T04:00:00Z,55421.7,359932.0,-535.0,-1.060,0.193,-0.002
2026-04-21T05:00:00Z,51601.8,360608.3,-541.6,-1.062,0.182,-0.002
2026-04-21T06:00:00Z,47776.6,361245.6,-548.1,-1.063,0.172,-0.002
2026-04-21T07:00:00Z,43946.6,361843.8,-554.6,-1.065,0.161,-0.002
2026-04-21T08:00:00Z,40112.1,362402.9,-561.0,-1.066,0.150,-0.002
2026-04-21T09:00:00Z,36273.5,362922.9,-567.4,-1.067,0.139,-0.002
2026-04-21T10:00:00Z,32431.2,363403.8,-573.8,-1.068,0.128,-0.002
2026-04-21T11:00:00Z,28585.7,363845.5,-580.2,-1.069,0.117,-0.002
2026-04-21T12:00:00Z,24737.4,364248.0,-586.5,-1.069,0.106,-0.002
2026-04-21T13:00:00Z,20886.8,364611.4,-592.7,-1.070,0.095,-0.002
2026-04-21T14:00:00Z,17034.1,364935.6,-598.9,-1.070,0.085,-0.002
2026-04-21T15:00:00Z,13179.8,365220.7,-605.1,-1.071,0.074,-0.002
2026-04-21T16:00:00Z,9324.4,365466.6,-611.2,-1.071,0.063,-0.002
2026-04-21T17:00:00Z,5468.2,365673.3,-617.3,-1.071,0.052,-0.002
2026-04-21T18:00:00Z,1611.7,365840.9,-623.4,-1.071,0.041,-0.002
2026-04-21T19:00:00Z,-2244.7,365969.4,-629.4,-1.071,0.030,-0.002
2026-04-21T20:00:00Z,-6100.7,366058.8,-635.3,-1.071,0.019,-0.002
2026-04-21T21:00:00Z,-9955.7,366109.2,-641.2,-1.071,0.009,-0.002
2026-04-21T22:00:00Z,-13809.5,366120.5,-647.0,-1.070,-0.002,-0.002
2026-04-21T23:00:00Z,-17661.6,366092.8,-652.8,-1.070,-0.013,-0.002
2026-04-22T00:00:00Z,-21511.5,366026.3,-658.6,-1.069,-0.024,-0.002
2026-04-22T01:00:00Z,-25359.0,365920.8,-664.3,-1.068,-0.035,-0.002
2026-04-22T02:00:00Z,-29203.5,365776.5,-669.9,-1.067,-0.045,-0.002
2026-04-22T03:00:00Z,-33044.7,365593.5,-675.5,-1.067,-0.056,-0.002
2026-04-22T04:00:00Z,-36882.2,365371.7,-681.1,-1.065,-0.067,-0.002
2026-04-22T05:00:00Z,-40715.6,365111.3,-686.5,-1.064,-0.078,-0.002
2026-04-22T06:00:00Z,-44544.4,364812.3,-692.0,-1.063,-0.088,-0.001
2026-04-22T07:00:00Z,-48368.4,364474.8,-697.3,-1.061,-0.099,-0.001
2026-04-22T08:00:00Z,-52187.0,364098.9,-702.6,-1.060,-0.110,-0.001
2026-04-22T09:00:00Z,-56000.0,363684.7,-707.9,-1.058,-0.120,-0.001
2026-04-22T10:00:00Z,-59806.8,363232.2,-713.1,-1.057,-0.131,-0.001
2026-04-22T11:00:00Z,-63607.2,362741.6,-718.2,-1.055,-0.142,-0.001
2026-04-22T12:00:00Z,-67400.7,362212.9,-723.3,-1.053,-0.152,-0.001
2026-04-22T13:00:00Z,-71187.0,361646.3,-728.3,-1.051,-0.163,-0.001
2026-04-22T14:00:00Z,-74965.6,361041.8,-733.3,-1.049,-0.173,-0.001
2026-04-22T15:00:00Z,-78736.2,360399.6,-738.1,-1.046,-0.184,-0.001
2026-04-22T16:00:00Z,-82498.4,359719.7,-743.0,-1.044,-0.194,-0.001
2026-04-22T17:00:00Z,-86251.9,359002.3,-747.7,-1.041,-0.204,-0.001
2026-04-22T18:00:00Z,-89996.2,358247.6,-752.4,-1.039,-0.215,-0.001
2026-04-22T19:00:00Z,-93730.9,357455.6,-757.0,-1.036,-0.225,-0.001
2026-04-22T20:00:00Z,-97455.8,356626.4,-761.6,-1.033,-0.235,-0.001
2026-04-22T21:00:00Z,-101170.4,355760.3,-766.1,-1.030,-0.246,-0.001
2026-04-22T22:00:00Z,-104874.3,354857.2,-770.5,-1.027,-0.256,-0.001
2026-04-22T23:00:00Z,-108567.3,353917.5,-774.9,-1.024,-0.266,-0.001
2026-04-23T00:00:00Z,-112248.8,352941.2,-779.1,-1.021,-0.276,-0.001
2026-04-23T01:00:00Z,-115918.7,351928.4,-783.4,-1.018,-0.286,-0.001
2026-04-23T02:00:00Z,-119576.5,350879.3,-787.5,-1.014,-0.296,-0.001
2026-04-23T03:00:00Z,-123221.8,349794.2,-791.6,-1.011,-0.306,-0.001
2026-04-23T04:00:00Z,-126854.3,348673.0,-795.6,-1.007,-0.316,-0.001
2026-04-23T05:00:00Z,-130473.7,347516.0,-799.5,-1.004,-0.326,-0.001
2026-04-23T06:00:00Z,-134079.6,346323.4,-803.3,-1.000,-0.336,-0.001
2026-04-23T07:00:00Z,-137671.6,345095.3,-807.1,-0.996,-0.346,-0.001
2026-04-23T08:00:00Z,-141249.4,343831.9,-810.8,-0.992,-0.356,-0.001
2026-04-23T09:00:00Z,-144812.7,342533.4,-814.4,-0.988,-0.366,-0.001
2026-04-23T10:00:00Z,-148361.1,341199.9,-818.0,-0.984,-0.375,-0.001
2026-04-23T11:00:00Z,-151894.3,339831.7,-821.5,-0.979,-0.385,-0.001
2026-04-23T12:00:00Z,-155412.0,338428.8,-824.9,-0.975,-0.394,-0.001
2026-04-23T13:00:00Z,-158913.8,336991.6,-828.2,-0.970,-0.404,-0.001
2026-04-23T14:00:00Z,-162399.4,335520.2,-831.4,-0.966,-0.413,-0.001
2026-04-23T15:00:00Z,-165868.4,334014.7,-834.6,-0.961,-0.423,-0.001
2026-04-23T16:00:00Z,-169320.6,332475.5,-837.6,-0.957,-0.432,-0.001
2026-04-23T17:00:00Z,-172755.6,330902.6,-840.6,-0.952,-0.442,-0.001
2026-04-23T18:00:00Z,-176173.1,329296.3,-843.6,-0.947,-0.451,-0.001
2026-04-23T19:00:00Z,-179572.8,327656.8,-846.4,-0.942,-0.460,-0.001
2026-04-23T20:00:00Z,-182954.4,325984.4,-849.1,-0.937,-0.469,-0.001
2026-04-23T21:00:00Z,-186317.6,324279.1,-851.8,-0.932,-0.478,-0.001
2026-04-23T22:00:00Z,-189661.9,322541.3,-854.4,-0.926,-0.487,-0.001
2026-04-23T23:00:00Z,-192987.3,320771.1,-856.9,-0.921,-0.496,-0.001
2026-04-24T00:00:00Z,-196293.3,318968.8,-859.3,-0.916,-0.505,-0.001
2026-04-24T01:00:00Z,-199579.6,317134.6,-861.6,-0.910,-0.514,-0.001
2026-04-24T02:00:00Z,-202846.0,315268.8,-863.9,-0.905,-0.523,-0.001
2026-04-24T03:00:00Z,-206092.2,313371.5,-866.0,-0.899,-0.531,-0.001
2026-04-24T04:00:00Z,-209317.9,311442.9,-868.1,-0.893,-0.540,-0.001
2026-04-24T05:00:00Z,-212522.7,309483.4,-870.1,-0.887,-0.549,-0.001
2026-04-24T06:00:00Z,-215706.4,307493.1,-872.0,-0.881,-0.557,-0.001
2026-04-24T07:00:00Z,-218868.8,305472.3,-873.8,-0.875,-0.566,-0.000
2026-04-24T08:00:00Z,-222009.4,303421.3,-875.5,-0.869,-0.574,-0.000
2026-04-24T09:00:00Z,-225128.2,301340.2,-877.2,-0.863,-0.582,-0.000
2026-04-24T10:00:00Z,-228224.7,299229.3,-878.7,-0.857,-0.590,-0.000
2026-04-24T11:00:00Z,-231298.8,297088.9,-880.2,-0.851,-0.599,-0.000
2026-04-24T12:00:00Z,-234350.2,294919.3,-881.5,-0.844,-0.607,-0.000
2026-04-24T13:00:00Z,-237378.5,292720.6,-882.8,-0.838,-0.615,-0.000
2026-04-24T14:00:00Z,-240383.6,290493.1,-884.0,-0.831,-0.623,-0.000
2026-04-24T15:00:00Z,-243365.1,288237.1,-885.1,-0.825,-0.631,-0.000
2026-04-24T16:00:00Z,-246322.9,285952.8,-886.1,-0.818,-0.638,-0.000
2026-04-24T17:00:00Z,-249256.6,283640.6,-887.0,-0.812,-0.646,-0.000
2026-04-24T18:00:00Z,-252166.1,281300.6,-887.8,-0.805,-0.654,-0.000
2026-04-24T19:00:00Z,-255051.1,278933.1,-888.5,-0.798,-0.661,-0.000
2026-04-24T20:00:00Z,-257911.3,276538.5,-889.2,-0.791,-0.669,-0.000
2026-04-24T21:00:00Z,-260746.5,274116.9,-889.7,-0.784,-0.676,-0.000
2026-04-24T22:00:00Z,-263556.5,271668.6,-890.1,-0.777,-0.684,-0.000
2026-04-24T23:00:00Z,-266341.0,269194.0,-890.5,-0.770,-0.691,-0.000
2026-04-25T00:00:00Z,-269099.8,266693.2,-890.7,-0.763,-0.698,-0.000
2026-04-25T01:00:00Z,-271832.7,264166.6,-890.9,-0.756,-0.705,-0.000
2026-04-25T02:00:00Z,-274539.5,261614.4,-891.0,-0.748,-0.712,-0.000
2026-04-25T03:00:00Z,-277219.9,259037.0,-890.9,-0.741,-0.719,0.000
2026-04-25T04:00:00Z,-279873.7,256434.5,-890.8,-0.733,-0.726,0.000
2026-04-25T05:00:00Z,-282500.7,253807.3,-890.6,-0.726,-0.733,0.000
2026-04-25T06:00:00Z,-285100.7,251155.7,-890.3,-0.718,-0.740,0.000
2026-04-25T07:00:00Z,-287673.6,248479.9,-889.9,-0.711,-0.747,0.000
2026-04-25T08:00:00Z,-290219.0,245780.3,-889.4,-0.703,-0.753,0.000
2026-04-25T09:00:00Z,-292736.8,243057.0,-888.8,-0.696,-0.760,0.000
2026-04-25T10:00:00Z,-295226.8,240310.5,-888.1,-0.688,-0.766,0.000
2026-04-25T11:00:00Z,-297688.8,237541.0,-887.3,-0.680,-0.772,0.000
2026-04-25T12:00:00Z,-300122.6,234748.8,-886.4,-0.672,-0.779,0.000
2026-04-25T13:00:00Z,-302528.0,231934.2,-885.4,-0.664,-0.785,0.000
2026-04-25T14:00:00Z,-304904.9,229097.5,-884.3,-0.656,-0.791,0.000
2026-04-25T15:00:00Z,-307253.0,226239.0,-883.1,-0.648,-0.797,0.000
2026-04-25T16:00:00Z,-309572.2,223358.9,-881.8,-0.640,-0.803,0.000
2026-04-25T17:00:00Z,-311862.3,220457.6,-880.4,-0.632,-0.809,0.000
2026-04-25T18:00:00Z,-314123.1,217535.5,-879.0,-0.624,-0.815,0.000
2026-04-25T19:00:00Z,-316354.5,214592.6,-877.4,-0.616,-0.820,0.000
2026-04-25T20:00:00Z,-318556.3,211629.5,-875.7,-0.607,-0.826,0.000
2026-04-25T21:00:00Z,-320728.3,208646.4,-873.9,-0.599,-0.831,0.001
2026-04-25T22:00:00Z,-322870.4,205643.5,-872.0,-0.591,-0.837,0.001
2026-04-25T23:00:00Z,-324982.4,202621.3,-870.1,-0.582,-0.842,0.001
2026-04-26T00:00:00Z,-327064.2,199580.0,-868.0,-0.574,-0.847,0.001
2026-04-26T01:00:00Z,-329115.6,196519.8,-865.8,-0.566,-0.853,0.001
2026-04-26T02:00:00Z,-331136.5,193441.2,-863.6,-0.557,-0.858,0.001
2026-04-26T03:00:00Z,-333126.7,190344.5,-861.2,-0.549,-0.863,0.001
2026-04-26T04:00:00Z,-335086.1,187229.8,-858.7,-0.540,-0.868,0.001
2026-04-26T05:00:00Z,-337014.5,184097.6,-856.2,-0.531,-0.872,0.001
2026-04-26T06:00:00Z,-338911.9,180948.2,-853.5,-0.523,-0.877,0.001
2026-04-26T07:00:00Z,-340778.0,177781.9,-850.7,-0.514,-0.882,0.001
2026-04-26T08:00:00Z,-342612.9,174598.9,-847.9,-0.505,-0.886,0.001
2026-04-26T09:00:00Z,-344416.2,171399.6,-844.9,-0.497,-0.891,0.001
2026-04-26T10:00:00Z,-346188.0,168184.4,-841.9,-0.488,-0.895,0.001
2026-04-26T11:00:00Z,-347928.1,164953.4,-838.7,-0.479,-0.900,0.001
2026-04-26T12:00:00Z,-349636.3,161707.2,-835.4,-0.470,-0.904,0.001
2026-04-26T13:00:00Z,-351312.7,158445.8,-832.1,-0.461,-0.908,0.001
2026-04-26T14:00:00Z,-352957.0,155169.8,-828.6,-0.452,-0.912,0.001
2026-04-26T15:00:00Z,-354569.1,151879.3,-825.1,-0.443,-0.916,0.001
2026-04-26T16:00:00Z,-356149.0,148574.8,-821.4,-0.434,-0.920,0.001
2026-04-26T17:00:00Z,-357696.6,145256.5,-817.7,-0.425,-0.924,0.001
2026-04-26T18:00:00Z,-359211.8,141924.7,-813.8,-0.416,-0.927,0.001
2026-04-26T19:00:00Z,-360694.4,138579.8,-809.9,-0.407,-0.931,0.001
2026-04-26T20:00:00Z,-362144.4,135222.1,-805.8,-0.398,-0.934,0.001
2026-04-26T21:00:00Z,-363561.7,131851.8,-801.7,-0.389,-0.938,0.001
2026-04-26T22:00:00Z,-364946.2,128469.4,-797.5,-0.380,-0.941,0.001
2026-04-26T23:00:00Z,-366297.9,125075.2,-793.1,-0.371,-0.944,0.001
2026-04-27T00:00:00Z,-367616.6,121669.4,-788.7,-0.362,-0.948,0.001
2026-04-27T01:00:00Z,-368902.2,118252.4,-784.2,-0.353,-0.951,0.001
2026-04-27T02:00:00Z,-370154.8,114824.5,-779.5,-0.343,-0.954,0.001
2026-04-27T03:00:00Z,-371374.3,111386.0,-774.8,-0.334,-0.957,0.001
2026-04-27T04:00:00Z,-372560.5,107937.2,-770.0,-0.325,-0.959,0.001
2026-04-27T05:00:00Z,-373713.4,104478.5,-765.0,-0.316,-0.962,0.001
2026-04-27T06:00:00Z,-374833.0,101010.2,-760.0,-0.306,-0.965,0.001
2026-04-27T07:00:00Z,-375919.2,97532.7,-754.9,-0.297,-0.967,0.001
2026-04-27T08:00:00Z,-376972.0,94046.1,-749.7,-0.288,-0.970,0.001
2026-04-27T09:00:00Z,-377991.2,90550.9,-744.4,-0.278,-0.972,0.001
2026-04-27T10:00:00Z,-378976.9,87047.3,-739.0,-0.269,-0.974,0.002
2026-04-27T11:00:00Z,-379929.0,83535.8,-733.5,-0.260,-0.977,0.002
2026-04-27T12:00:00Z,-380847.5,80016.5,-727.9,-0.250,-0.979,0.002
2026-04-27T13:00:00Z,-381732.3,76489.9,-722.2,-0.241,-0.981,0.002
2026-04-27T14:00:00Z,-382583.4,72956.2,-716.4,-0.232,-0.983,0.002
2026-04-27T15:00:00Z,-383400.8,69415.8,-710.6,-0.222,-0.984,0.002
2026-04-27T16:00:00Z,-384184.4,65869.0,-704.6,-0.213,-0.986,0.002
2026-04-27T17:00:00Z,-384934.2,62316.1,-698.5,-0.204,-0.988,0.002
2026-04-27T18:00:00Z,-385650.2,58757.4,-692.4,-0.194,-0.989,0.002
2026-04-27T19:00:00Z,-386332.3,55193.3,-686.1,-0.185,-0.991,0.002
2026-04-27T20:00:00Z,-386980.6,51624.0,-679.8,-0.175,-0.992,0.002
2026-04-27T21:00:00Z,-387595.1,48050.0,-673.4,-0.166,-0.993,0.002
2026-04-27T22:00:00Z,-388175.7,44471.4,-666.8,-0.157,-0.995,0.002
2026-04-27T23:00:00Z,-388722.3,40888.7,-660.2,-0.147,-0.996,0.002
2026-04-28T00:00:00Z,-389235.1,37302.1,-653.5,-0.138,-0.997,0.002
2026-04-28T01:00:00Z,-389714.0,33711.9,-646.7,-0.128,-0.998,0.002
2026-04-28T02:00:00Z,-390159.0,30118.6,-639.8,-0.119,-0.999,0.002
2026-04-28T03:00:00Z,-390570.1,26522.3,-632.8,-0.109,-0.999,0.002
2026-04-28T04:00:00Z,-390947.3,22923.5,-625.8,-0.100,-1.000,0.002
2026-04-28T05:00:00Z,-391290.7,19322.3,-618.6,-0.091,-1.001,0.002
2026-04-28T06:00:00Z,-391600.1,15719.2,-611.3,-0.081,-1.001,0.002
2026-04-28T07:00:00Z,-391875.8,12114.5,-604.0,-0.072,-1.002,0.002
2026-04-28T08:00:00Z,-392117.5,8508.4,-596.6,-0.062,-1.002,0.002
2026-04-28T09:00:00Z,-392325.5,4901.3,-589.1,-0.053,-1.002,0.002
2026-04-28T10:00:00Z,-392499.7,1293.5,-581.5,-0.044,-1.002,0.002
2026-04-28T11:00:00Z,-392640.1,-2314.7,-573.8,-0.034,-1.002,0.002
2026-04-28T12:00:00Z,-392746.8,-5923.0,-566.0,-0.025,-1.002,0.002
2026-04-28T13:00:00Z,-392819.7,-9531.0,-558.1,-0.016,-1.002,0.002
2026-04-28T14:00:00Z,-392859.0,-13138.6,-550.2,-0.006,-1.002,0.002
2026-04-28T15:00:00Z,-392864.6,-16745.2,-542.2,0.003,-1.002,0.002
2026-04-28T16:00:00Z,-392836.6,-20350.7,-534.1,0.012,-1.001,0.002
2026-04-28T17:00:00Z,-392775.1,-23954.8,-525.9,0.022,-1.001,0.002
2026-04-28T18:00:00Z,-392680.0,-27557.1,-517.6,0.031,-1.000,0.002
2026-04-28T19:00:00Z,-392551.5,-31157.3,-509.2,0.040,-1.000,0.002
2026-04-28T20:00:00Z,-392389.6,-34755.1,-500.8,0.050,-0.999,0.002
2026-04-28T21:00:00Z,-392194.2,-38350.2,-492.2,0.059,-0.998,0.002
2026-04-28T22:00:00Z,-391965.6,-41942.4,-483.6,0.068,-0.997,0.002
2026-04-28T23:00:00Z,-391703.7,-45531.2,-474.9,0.077,-0.996,0.002
2026-04-29T00:00:00Z,-391408.6,-49116.5,-466.2,0.087,-0.995,0.002
2026-04-29T01:00:00Z,-391080.4,-52697.8,-457.3,0.096,-0.994,0.002
2026-04-29T02:00:00Z,-390719.1,-56275.0,-448.4,0.105,-0.993,0.002
2026-04-29T03:00:00Z,-390324.7,-59847.6,-439.4,0.114,-0.992,0.003
2026-04-29T04:00:00Z,-389897.5,-63415.5,-430.3,0.123,-0.990,0.003
2026-04-29T05:00:00Z,-389437.4,-66978.3,-421.1,0.132,-0.989,0.003
2026-04-29T06:00:00Z,-388944.5,-70535.7,-411.9,0.141,-0.987,0.003
2026-04-29T07:00:00Z,-388418.8,-74087.4,-402.6,0.151,-0.986,0.003
2026-04-29T08:00:00Z,-387860.6,-77633.1,-393.2,0.160,-0.984,0.003
2026-04-29T09:00:00Z,-387269.8,-81172.5,-383.7,0.169,-0.982,0.003
2026-04-29T10:00:00Z,-386646.5,-84705.4,-374.2,0.178,-0.980,0.003
2026-04-29T11:00:00Z,-385990.8,-88231.4,-364.6,0.187,-0.978,0.003
2026-04-29T12:00:00Z,-385302.9,-91750.3,-354.9,0.196,-0.976,0.003
2026-04-29T13:00:00Z,-384582.7,-95261.7,-345.1,0.205,-0.974,0.003
2026-04-29T14:00:00Z,-383830.5,-98765.5,-335.3,0.213,-0.972,0.003
2026-04-29T15:00:00Z,-383046.2,-102261.2,-325.4,0.222,-0.970,0.003
2026-04-29T16:00:00Z,-382230.0,-105748.6,-315.4,0.231,-0.968,0.003
2026-04-29T17:00:00Z,-381382.1,-109227.4,-305.4,0.240,-0.965,0.003
2026-04-29T18:00:00Z,-380502.4,-112697.4,-295.3,0.249,-0.963,0.003
2026-04-29T19:00:00Z,-379591.1,-116158.2,-285.1,0.258,-0.960,0.003
2026-04-29T20:00:00Z,-378648.3,-119609.6,-274.9,0.266,-0.957,0.003
2026-04-29T21:00:00Z,-377674.1,-123051.3,-264.6,0.275,-0.955,0.003
2026-04-29T22:00:00Z,-376668.7,-126483.0,-254.2,0.284,-0.952,0.003
2026-04-29T23:00:00Z,-375632.1,-129904.5,-243.7,0.292,-0.949,0.003
2026-04-30T00:00:00Z,-374564.5,-133315.4,-233.2,0.301,-0.946,0.003
2026-04-30T01:00:00Z,-373466.0,-136715.5,-222.7,0.309,-0.943,0.003
2026-04-30T02:00:00Z,-372336.6,-140104.6,-212.0,0.318,-0.940,0.003
2026-04-30T03:00:00Z,-371176.6,-143482.3,-201.3,0.326,-0.937,0.003
2026-04-30T04:00:00Z,-369986.1,-146848.3,-190.6,0.335,-0.933,0.003
2026-04-30T05:00:00Z,-368765.1,-150202.5,-179.8,0.343,-0.930,0.003
2026-04-30T06:00:00Z,-367513.9,-153544.5,-168.9,0.352,-0.927,0.003
2026-04-30T07:00:00Z,-366232.4,-156874.1,-157.9,0.360,-0.923,0.003
2026-04-30T08:00:00Z,-364921.0,-160191.0,-147.0,0.368,-0.920,0.003
2026-04-30T09:00:00Z,-363579.7,-163494.9,-135.9,0.377,-0.916,0.003
2026-04-30T10:00:00Z,-362208.6,-166785.6,-124.8,0.385,-0.912,0.003
2026-04-30T11:00:00Z,-360807.9,-170062.9,-113.6,0.393,-0.908,0.003
2026-04-30T12:00:00Z,-359377.8,-173326.4,-102.4,0.401,-0.905,0.003
2026-04-30T13:00:00Z,-357918.3,-176576.0,-91.1,0.409,-0.901,0.003
2026-04-30T14:00:00Z,-356429.7,-179811.2,-79.8,0.418,-0.897,0.003
2026-04-30T15:00:00Z,-354912.1,-183032.0,-68.4,0.426,-0.893,0.003
2026-04-30T16:00:00Z,-353365.5,-186238.1,-57.0,0.434,-0.888,0.003
2026-04-30T17:00:00Z,-351790.3,-189429.1,-45.5,0.442,-0.884,0.003
2026-04-30T18:00:00Z,-350186.5,-192604.9,-34.0,0.449,-0.880,0.003
2026-04-30T19:00:00Z,-348554.2,-195765.1,-22.4,0.457,-0.876,0.003
2026-04-30T20:00:00Z,-346893.8,-198909.7,-10.8,0.465,-0.871,0.003
2026-04-30T21:00:00Z,-345205.2,-202038.2,0.9,0.473,-0.867,0.003
2026-04-30T22:00:00Z,-343488.7,-205150.5,12.6,0.481,-0.862,0.003
2026-04-30T23:00:00Z,-341744.4,-208246.3,24.4,0.488,-0.858,0.003
2026-05-01T00:00:00Z,-339972.6,-211325.4,36.2,0.496,-0.853,0.003
