2026-03-31T00:00:00Z,386466.0,-0.0,0.0,0.039,1.020,-0.001
2026-03-31T01:00:00Z,386606.0,-32.0,-3.0,0.039,1.020,-0.001
2026-03-31T02:00:00Z,386746.2,-66.6,-6.0,0.039,1.020,-0.001
2026-03-31T03:00:00Z,386886.6,-103.5,-9.0,0.039,1.019,-0.001
2026-03-31T04:00:00Z,387027.1,-143.0,-11.9,0.039,1.019,-0.001
2026-03-31T05:00:00Z,387167.8,-184.9,-14.9,0.040,1.019,-0.001
2026-03-31T06:00:00Z,387308.6,-229.4,-17.7,0.040,1.018,-0.001
2026-03-31T07:00:00Z,387449.6,-276.3,-20.6,0.040,1.018,-0.001
2026-03-31T08:00:00Z,387590.7,-325.8,-23.4,0.040,1.018,-0.001
2026-03-31T09:00:00Z,387731.9,-377.7,-26.2,0.040,1.017,-0.001
2026-03-31T10:00:00Z,387873.3,-432.2,-29.0,0.040,1.017,-0.001
2026-03-31T11:00:00Z,388014.8,-489.2,-31.8,0.041,1.017,-0.001
2026-03-31T12:00:00Z,388156.4,-548.7,-34.5,0.041,1.016,-0.001
2026-03-31T13:00:00Z,388298.1,-610.7,-37.2,0.041,1.016,-0.001
2026-03-31T14:00:00Z,388439.9,-675.3,-39.8,0.041,1.016,-0.001
2026-03-31T15:00:00Z,388581.8,-742.5,-42.5,0.041,1.015,-0.001
2026-03-31T16:00:00Z,388723.8,-812.2,-45.1,0.042,1.015,-0.001
2026-03-31T17:00:00Z,388865.9,-884.4,-47.6,0.042,1.015,-0.001
2026-03-31T18:00:00Z,389008.1,-959.3,-50.1,0.042,1.014,-0.001
2026-03-31T19:00:00Z,389150.3,-1036.7,-52.6,0.042,1.014,-0.001
2026-03-31T20:00:00Z,389292.5,-1116.7,-55.1,0.042,1.014,-0.001
2026-03-31T21:00:00Z,389434.8,-1199.3,-57.5,0.043,1.013,-0.001
2026-03-31T22:00:00Z,389577.2,-1284.4,-59.9,0.043,1.013,-0.001
2026-03-31T23:00:00Z,389719.5,-1372.2,-62.3,0.043,1.013,-0.001
2026-04-01T00:00:00Z,389861.9,-1462.5,-64.6,0.043,1.012,-0.001
2026-04-01T01:00:00Z,390004.3,-1555.5,-66.9,0.044,1.012,-0.001
2026-04-01T02:00:00Z,390146.7,-1651.1,-69.2,0.044,1.012,-0.001
2026-04-01T03:00:00Z,390289.1,-1749.3,-71.4,0.044,1.011,-0.001
2026-04-01T04:00:00Z,390431.4,-1850.1,-73.6,0.044,1.011,-0.001
2026-04-01T05:00:00Z,390573.8,-1953.6,-75.8,0.045,1.011,-0.001
2026-04-01T06:00:00Z,390716.1,-2059.7,-77.9,0.045,1.010,-0.001
2026-04-01T07:00:00Z,390858.3,-2168.4,-80.0,0.045,1.010,-0.001
2026-04-01T08:00:00Z,391000.5,-2279.8,-82.1,0.046,1.009,-0.001
2026-04-01T09:00:00Z,391142.6,-2393.8,-84.1,0.046,1.009,-0.001
2026-04-01T10:00:00Z,391284.6,-2510.5,-86.1,0.046,1.009,-0.001
2026-04-01T11:00:00Z,391426.6,-2629.8,-88.0,0.046,1.008,-0.001
2026-04-01T12:00:00Z,391568.4,-2751.8,-89.9,0.047,1.008,-0.001
2026-04-01T13:00:00Z,391710.1,-2876.4,-91.8,0.047,1.008,-0.001
2026-04-01T14:00:00Z,391851.7,-3003.7,-93.6,0.047,1.007,-0.001
2026-04-01T15:00:00Z,391993.1,-3133.7,-95.4,0.048,1.007,-0.000
2026-04-01T16:00:00Z,392134.4,-3266.4,-97.2,0.048,1.007,-0.000
2026-04-01T17:00:00Z,392275.5,-3401.7,-98.9,0.048,1.006,-0.000
2026-04-01T18:00:00Z,392416.4,-3539.7,-100.6,0.049,1.006,-0.000
2026-04-01T19:00:00Z,392557.2,-3680.4,-102.2,0.049,1.005,-0.000
2026-04-01T20:00:00Z,392697.7,-3823.8,-103.8,0.049,1.005,-0.000
2026-04-01T21:00:00Z,392838.0,-3969.9,-105.4,0.050,1.005,-0.000
2026-04-01T22:00:00Z,392978.1,-4118.6,-106.9,0.050,1.004,-0.000
2026-04-01T23:00:00Z,393118.0,-4270.1,-108.4,0.050,1.004,-0.000
2026-04-02T00:00:00Z,393257.6,-4424.2,-109.9,0.051,1.004,-0.000
2026-04-02T01:00:00Z,393396.9,-4581.0,-111.3,0.051,1.003,-0.000
2026-04-02T02:00:00Z,393535.9,-4740.6,-112.6,0.051,1.003,-0.000
2026-04-02T03:00:00Z,393674.6,-4902.8,-114.0,0.052,1.002,-0.000
2026-04-02T04:00:00Z,393813.0,-5067.7,-115.3,0.052,1.002,-0.000
2026-04-02T05:00:00Z,393951.1,-5235.3,-116.5,0.052,1.002,-0.000
2026-04-02T06:00:00Z,394088.8,-5405.6,-117.7,0.053,1.001,-0.000
2026-04-02T07:00:00Z,394226.1,-5578.6,-118.9,0.053,1.001,-0.000
2026-04-02T08:00:00Z,394363.1,-5754.3,-120.0,0.053,1.001,-0.000
2026-04-02T09:00:00Z,394499.7,-5932.8,-121.1,0.054,1.000,-0.000
2026-04-02T10:00:00Z,394635.9,-6113.9,-122.1,0.054,1.000,-0.000
2026-04-02T11:00:00Z,394771.6,-6297.7,-123.1,0.054,0.999,-0.000
2026-04-02T12:00:00Z,394907.0,-6484.1,-124.1,0.055,0.999,-0.000
2026-04-02T13:00:00Z,395041.8,-6673.3,-125.0,0.055,0.999,-0.000
2026-04-02T14:00:00Z,395176.2,-6865.2,-125.9,0.056,0.998,-0.000
2026-04-02T15:00:00Z,395310.1,-7059.8,-126.8,0.056,0.998,-0.000
2026-04-02T16:00:00Z,395443.5,-7257.0,-127.6,0.056,0.997,-0.000
2026-04-02T17:00:00Z,395576.3,-7457.0,-128.3,0.057,0.997,-0.000
2026-04-02T18:00:00Z,395708.7,-7659.6,-129.0,0.057,0.997,-0.000
2026-04-02T19:00:00Z,395840.4,-7864.9,-129.7,0.057,0.996,-0.000
2026-04-02T20:00:00Z,395971.6,-8072.8,-130.4,0.058,0.996,-0.000
2026-04-02T21:00:00Z,396102.2,-8283.5,-130.9,0.058,0.995,-0.000
2026-04-02T22:00:00Z,396232.2,-8496.8,-131.5,0.059,0.995,-0.000
2026-04-02T23:00:00Z,396361.5,-8712.7,-132.0,0.059,0.995,-0.000
2026-04-03T00:00:00Z,396490.2,-8931.3,-132.5,0.059,0.994,-0.000
2026-04-03T01:00:00Z,396618.3,-9152.6,-132.9,0.060,0.994,-0.000
2026-04-03T02:00:00Z,396745.6,-9376.5,-133.3,0.060,0.994,-0.000
2026-04-03T03:00:00Z,396872.3,-9603.1,-133.6,0.061,0.993,-0.000
2026-04-03T04:00:00Z,396998.2,-9832.2,-133.9,0.061,0.993,-0.000
2026-04-03T05:00:00Z,397123.4,-10064.1,-134.2,0.061,0.992,-0.000
2026-04-03T06:00:00Z,397247.9,-10298.5,-134.4,0.062,0.992,-0.000
2026-04-03T07:00:00Z,397371.5,-10535.5,-134.6,0.062,0.992,-0.000
2026-04-03T08:00:00Z,397494.4,-10775.2,-134.7,0.063,0.991,-0.000
2026-04-03T09:00:00Z,397616.5,-11017.4,-134.8,0.063,0.991,-0.000
2026-04-03T10:00:00Z,397737.7,-11262.3,-134.9,0.064,0.990,-0.000
2026-04-03T11:00:00Z,397858.1,-11509.7,-134.9,0.064,0.990,0.000
2026-04-03T12:00:00Z,397977.6,-11759.7,-134.9,0.064,0.990,0.000
2026-04-03T13:00:00Z,398096.2,-12012.2,-134.8,0.065,0.989,0.000
2026-04-03T14:00:00Z,398213.9,-12267.4,-134.7,0.065,0.989,0.000
2026-04-03T15:00:00Z,398330.7,-12525.0,-134.5,0.066,0.988,0.000
2026-04-03T16:00:00Z,398446.5,-12785.2,-134.3,0.066,0.988,0.000
2026-04-03T17:00:00Z,398561.3,-13047.9,-134.1,0.066,0.988,0.000
2026-04-03T18:00:00Z,398675.2,-13313.1,-133.8,0.067,0.987,0.000
2026-04-03T19:00:00Z,398788.0,-13580.8,-133.5,0.067,0.987,0.000
2026-04-03T20:00:00Z,398899.9,-13851.0,-133.1,0.068,0.986,0.000
2026-04-03T21:00:00Z,399010.6,-14123.7,-132.7,0.068,0.986,0.000
2026-04-03T22:00:00Z,399120.3,-14398.8,-132.3,0.069,0.986,0.000
2026-04-03T23:00:00Z,399228.9,-14676.4,-131.8,0.069,0.985,0.000
2026-04-04T00:00:00Z,399336.4,-14956.4,-131.3,0.070,0.985,0.000
2026-04-04T01:00:00Z,399442.8,-15238.9,-130.7,0.070,0.984,0.000
2026-04-04T02:00:00Z,399548.0,-15523.7,-130.1,0.070,0.984,0.000
2026-04-04T03:00:00Z,399652.1,-15811.0,-129.5,0.071,0.984,0.000
2026-04-04T04:00:00Z,399755.0,-16100.6,-128.8,0.071,0.983,0.000
2026-04-04T05:00:00Z,399856.6,-16392.6,-128.1,0.072,0.983,0.000
2026-04-04T06:00:00Z,399957.0,-16686.9,-127.3,0.072,0.983,0.000
2026-04-04T07:00:00Z,400056.2,-16983.6,-126.5,0.073,0.982,0.000
2026-04-04T08:00:00Z,400154.1,-17282.6,-125.7,0.073,0.982,0.000
2026-04-04T09:00:00Z,400250.7,-17583.8,-124.8,0.073,0.981,0.000
2026-04-04T10:00:00Z,400346.0,-17887.4,-123.9,0.074,0.981,0.000
2026-04-04T11:00:00Z,400440.0,-18193.2,-122.9,0.074,0.981,0.000
2026-04-04T12:00:00Z,400532.6,-18501.3,-121.9,0.075,0.980,0.000
2026-04-04T13:00:00Z,400623.8,-18811.5,-120.9,0.075,0.980,0.000
2026-04-04T14:00:00Z,400713.7,-19124.0,-119.8,0.076,0.980,0.000
2026-04-04T15:00:00Z,400802.1,-19438.7,-118.7,0.076,0.979,0.000
2026-04-04T16:00:00Z,400889.1,-19755.5,-117.5,0.077,0.979,0.000
2026-04-04T17:00:00Z,400974.6,-20074.5,-116.3,0.077,0.978,0.000
2026-04-04T18:00:00Z,401058.7,-20395.6,-115.1,0.077,0.978,0.000
2026-04-04T19:00:00Z,401141.3,-20718.8,-113.8,0.078,0.978,0.000
2026-04-04T20:00:00Z,401222.3,-21044.1,-112.5,0.078,0.977,0.000
2026-04-04T21:00:00Z,401301.9,-21371.5,-111.2,0.079,0.977,0.000
2026-04-04T22:00:00Z,401379.8,-21700.9,-109.8,0.079,0.977,0.000
2026-04-04T23:00:00Z,401456.2,-22032.3,-108.4,0.080,0.976,0.000
2026-04-05T00:00:00Z,401531.1,-22365.7,-106.9,0.080,0.976,0.000
2026-04-05T01:00:00Z,401604.3,-22701.0,-105.4,0.081,0.976,0.000
2026-04-05T02:00:00Z,401675.8,-23038.3,-103.9,0.081,0.975,0.000
2026-04-05T03:00:00Z,401745.7,-23377.6,-102.4,0.081,0.975,0.000
2026-04-05T04:00:00Z,401814.0,-23718.7,-100.8,0.082,0.975,0.000
2026-04-05T05:00:00Z,401880.6,-24061.7,-99.1,0.082,0.974,0.000
2026-04-05T06:00:00Z,401945.4,-24406.5,-97.5,0.083,0.974,0.000
2026-04-05T07:00:00Z,402008.5,-24753.1,-95.8,0.083,0.974,0.000
2026-04-05T08:00:00Z,402069.9,-25101.6,-94.0,0.084,0.973,0.000
2026-04-05T09:00:00Z,402129.6,-25451.8,-92.3,0.084,0.973,0.000
2026-04-05T10:00:00Z,402187.4,-25803.7,-90.5,0.085,0.973,0.001
2026-04-05T11:00:00Z,402243.4,-26157.4,-88.6,0.085,0.972,0.001
2026-04-05T12:00:00Z,402297.7,-26512.7,-86.8,0.085,0.972,0.001
2026-04-05T13:00:00Z,402350.0,-26869.7,-84.9,0.086,0.972,0.001
2026-04-05T14:00:00Z,402400.6,-27228.3,-82.9,0.086,0.971,0.001
2026-04-05T15:00:00Z,402449.2,-27588.5,-81.0,0.087,0.971,0.001
2026-04-05T16:00:00Z,402496.0,-27950.3,-79.0,0.087,0.971,0.001
2026-04-05T17:00:00Z,402540.9,-28313.5,-76.9,0.088,0.970,0.001
2026-04-05T18:00:00Z,402583.8,-28678.3,-74.9,0.088,0.970,0.001
2026-04-05T19:00:00Z,402624.8,-29044.6,-72.8,0.088,0.970,0.001
2026-04-05T20:00:00Z,402663.9,-29412.3,-70.6,0.089,0.969,0.001
2026-04-05T21:00:00Z,402701.0,-29781.5,-68.5,0.089,0.969,0.001
2026-04-05T22:00:00Z,402736.0,-30152.0,-66.3,0.090,0.969,0.001
2026-04-05T23:00:00Z,402769.1,-30523.8,-64.1,0.090,0.969,0.001
2026-04-06T00:00:00Z,402800.2,-30897.0,-61.8,0.091,0.968,0.001
2026-04-06T01:00:00Z,402829.2,-31271.4,-59.6,0.091,0.968,0.001
2026-04-06T02:00:00Z,402856.2,-31647.1,-57.3,0.091,0.968,0.001
2026-04-06T03:00:00Z,402881.1,-32024.0,-54.9,0.092,0.968,0.001
2026-04-06T04:00:00Z,402903.9,-32402.0,-52.6,0.092,0.967,0.001
2026-04-06T05:00:00Z,402924.7,-32781.2,-50.2,0.093,0.967,0.001
2026-04-06T06:00:00Z,402943.3,-33161.6,-47.8,0.093,0.967,0.001
2026-04-06T07:00:00Z,402959.8,-33543.0,-45.3,0.094,0.967,0.001
2026-04-06T08:00:00Z,402974.1,-33925.4,-42.8,0.094,0.966,0.001
2026-04-06T09:00:00Z,402986.3,-34308.8,-40.3,0.094,0.966,0.001
2026-04-06T10:00:00Z,402996.4,-34693.2,-37.8,0.095,0.966,0.001
2026-04-06T11:00:00Z,403004.2,-35078.5,-35.3,0.095,0.966,0.001
2026-04-06T12:00:00Z,403009.9,-35464.7,-32.7,0.096,0.965,0.001
2026-04-06T13:00:00Z,403013.4,-35851.8,-30.1,0.096,0.965,0.001
2026-04-06T14:00:00Z,403014.6,-36239.7,-27.5,0.097,0.965,0.001
2026-04-06T15:00:00Z,403013.7,-36628.3,-24.8,0.097,0.965,0.001
2026-04-06T16:00:00Z,403010.5,-37017.7,-22.2,0.097,0.964,0.001
2026-04-06T17:00:00Z,403005.0,-37407.8,-19.5,0.098,0.964,0.001
2026-04-06T18:00:00Z,402997.3,-37798.6,-16.8,0.098,0.964,0.001
2026-04-06T19:00:00Z,402987.3,-38189.9,-14.0,0.099,0.964,0.001
2026-04-06T20:00:00Z,402975.0,-38581.9,-11.3,0.099,0.964,0.001
2026-04-06T21:00:00Z,402960.5,-38974.4,-8.5,0.099,0.964,0.001
2026-04-06T22:00:00Z,402943.6,-39367.4,-5.7,0.100,0.963,0.001
2026-04-06T23:00:00Z,402924.4,-39760.8,-2.8,0.100,0.963,0.001
2026-04-07T00:00:00Z,402902.9,-40154.7,-0.0,0.101,0.963,0.001
2026-04-07T01:00:00Z,402879.1,-40549.0,2.9,0.101,0.963,0.001
2026-04-07T02:00:00Z,402852.9,-40943.6,5.7,0.101,0.963,0.001
2026-04-07T03:00:00Z,402824.4,-41338.4,8.7,0.102,0.963,0.001
2026-04-07T04:00:00Z,402793.6,-41733.6,11.6,0.102,0.962,0.001
2026-04-07T05:00:00Z,402760.4,-42128.9,14.5,0.103,0.962,0.001
2026-04-07T06:00:00Z,402724.8,-42524.5,17.5,0.103,0.962,0.001
2026-04-07T07:00:00Z,402686.9,-42920.1,20.4,0.103,0.962,0.001
2026-04-07T08:00:00Z,402646.6,-43315.9,23.4,0.104,0.962,0.001
2026-04-07T09:00:00Z,402603.9,-43711.6,26.4,0.104,0.962,0.001
2026-04-07T10:00:00Z,402558.8,-44107.4,29.5,0.105,0.962,0.001
2026-04-07T11:00:00Z,402511.3,-44503.1,32.5,0.105,0.962,0.001
2026-04-07T12:00:00Z,402461.4,-44898.8,35.6,0.105,0.961,0.001
2026-04-07T13:00:00Z,402409.1,-45294.3,38.6,0.106,0.961,0.001
2026-04-07T14:00:00Z,402354.4,-45689.6,41.7,0.106,0.961,0.001
2026-04-07T15:00:00Z,402297.4,-46084.7,44.8,0.106,0.961,0.001
2026-04-07T16:00:00Z,402237.9,-46479.6,47.9,0.107,0.961,0.001
2026-04-07T17:00:00Z,402175.9,-46874.1,51.0,0.107,0.961,0.001
2026-04-07T18:00:00Z,402111.6,-47268.3,54.2,0.108,0.961,0.001
2026-04-07T19:00:00Z,402044.9,-47662.0,57.3,0.108,0.961,0.001
2026-04-07T20:00:00Z,401975.7,-48055.4,60.5,0.108,0.961,0.001
2026-04-07T21:00:00Z,401904.1,-48448.2,63.6,0.109,0.961,0.001
2026-04-07T22:00:00Z,401830.1,-48840.5,66.8,0.109,0.961,0.001
2026-04-07T23:00:00Z,401753.7,-49232.2,70.0,0.109,0.961,0.001
2026-04-08T00:00:00Z,401674.8,-49623.3,73.2,0.110,0.961,0.001
2026-04-08T01:00:00Z,401593.6,-50013.7,76.4,0.110,0.961,0.001
2026-04-08T02:00:00Z,401509.9,-50403.4,79.6,0.111,0.961,0.001
2026-04-08T03:00:00Z,401423.8,-50792.3,82.8,0.111,0.961,0.001
2026-04-08T04:00:00Z,401335.3,-51180.4,86.1,0.111,0.961,0.001
2026-04-08T05:00:00Z,401244.4,-51567.7,89.3,0.112,0.961,0.001
2026-04-08T06:00:00Z,401151.0,-51954.0,92.5,0.112,0.961,0.001
2026-04-08T07:00:00Z,401055.3,-52339.4,95.8,0.112,0.961,0.001
2026-04-08T08:00:00Z,400957.2,-52723.8,99.0,0.113,0.961,0.001
2026-04-08T09:00:00Z,400856.7,-53107.1,102.3,0.113,0.961,0.001
2026-04-08T10:00:00Z,400753.7,-53489.4,105.6,0.113,0.961,0.001
2026-04-08T11:00:00Z,400648.4,-53870.5,108.8,0.114,0.961,0.001
2026-04-08T12:00:00Z,400540.7,-54250.4,112.1,0.114,0.961,0.001
2026-04-08T13:00:00Z,400430.7,-54629.1,115.4,0.115,0.961,0.001
2026-04-08T14:00:00Z,400318.3,-55006.5,118.6,0.115,0.961,0.001
2026-04-08T15:00:00Z,400203.5,-55382.6,121.9,0.115,0.961,0.001
2026-04-08T16:00:00Z,400086.3,-55757.3,125.2,0.116,0.961,0.001
2026-04-08T17:00:00Z,399966.9,-56130.5,128.5,0.116,0.961,0.001
2026-04-08T18:00:00Z,399845.0,-56502.4,131.7,0.116,0.961,0.001
2026-04-08T19:00:00Z,399720.9,-56872.7,135.0,0.117,0.961,0.001
2026-04-08T20:00:00Z,399594.4,-57241.4,138.3,0.117,0.961,0.001
2026-04-08T21:00:00Z,399465.6,-57608.5,141.5,0.117,0.962,0.001
2026-04-08T22:00:00Z,399334.6,-57974.0,144.8,0.118,0.962,0.001
2026-04-08T23:00:00Z,399201.2,-58337.7,148.1,0.118,0.962,0.001
2026-04-09T00:00:00Z,399065.5,-58699.8,151.3,0.118,0.962,0.001
2026-04-09T01:00:00Z,398927.6,-59060.0,154.6,0.119,0.962,0.001
2026-04-09T02:00:00Z,398787.5,-59418.3,157.9,0.119,0.962,0.001
2026-04-09T03:00:00Z,398645.1,-59774.8,161.1,0.119,0.962,0.001
2026-04-09T04:00:00Z,398500.4,-60129.4,164.4,0.120,0.963,0.001
2026-04-09T05:00:00Z,398353.6,-60481.9,167.6,0.120,0.963,0.001
2026-04-09T06:00:00Z,398204.5,-60832.5,170.8,0.120,0.963,0.001
2026-04-09T07:00:00Z,398053.2,-61180.9,174.0,0.121,0.963,0.001
2026-04-09T08:00:00Z,397899.8,-61527.3,177.3,0.121,0.963,0.001
2026-04-09T09:00:00Z,397744.2,-61871.4,180.5,0.121,0.963,0.001
2026-04-09T10:00:00Z,397586.5,-62213.4,183.7,0.121,0.964,0.001
2026-04-09T11:00:00Z,397426.7,-62553.1,186.9,0.122,0.964,0.001
2026-04-09T12:00:00Z,397264.7,-62890.4,190.0,0.122,0.964,0.001
2026-04-09T13:00:00Z,397100.6,-63225.5,193.2,0.122,0.964,0.001
2026-04-09T14:00:00Z,396934.5,-63558.1,196.4,0.123,0.965,0.001
2026-04-09T15:00:00Z,396766.3,-63888.3,199.5,0.123,0.965,0.001
2026-04-09T16:00:00Z,396596.0,-64216.0,202.7,0.123,0.965,0.001
2026-04-09T17:00:00Z,396423.7,-64541.1,205.8,0.124,0.965,0.001
2026-04-09T18:00:00Z,396249.5,-64863.7,208.9,0.124,0.966,0.001
2026-04-09T19:00:00Z,396073.2,-65183.7,212.0,0.124,0.966,0.001
2026-04-09T20:00:00Z,395895.0,-65501.0,215.1,0.125,0.966,0.001
2026-04-09T21:00:00Z,395714.8,-65815.6,218.1,0.125,0.966,0.001
2026-04-09T22:00:00Z,395532.7,-66127.4,221.2,0.125,0.967,0.001
2026-04-09T23:00:00Z,395348.6,-66436.5,224.2,0.125,0.967,0.001
2026-04-10T00:00:00Z,395162.7,-66742.7,227.2,0.126,0.967,0.001
2026-04-10T01:00:00Z,394975.0,-67046.0,230.2,0.126,0.968,0.001
2026-04-10T02:00:00Z,394785.4,-67346.4,233.2,0.126,0.968,0.001
2026-04-10T03:00:00Z,394593.9,-67643.8,236.2,0.127,0.968,0.001
2026-04-10T04:00:00Z,394400.7,-67938.2,239.1,0.127,0.968,0.001
2026-04-10T05:00:00Z,394205.7,-68229.6,242.1,0.127,0.969,0.001
2026-04-10T06:00:00Z,394008.9,-68517.8,245.0,0.127,0.969,0.001
2026-04-10T07:00:00Z,393810.5,-68803.0,247.9,0.128,0.970,0.001
2026-04-10T08:00:00Z,393610.3,-69084.9,250.7,0.128,0.970,0.001
2026-04-10T09:00:00Z,393408.4,-69363.6,253.6,0.128,0.970,0.001
2026-04-10T10:00:00Z,393204.9,-69639.1,256.4,0.129,0.971,0.001
2026-04-10T11:00:00Z,392999.8,-69911.3,259.2,0.129,0.971,0.001
2026-04-10T12:00:00Z,392793.0,-70180.1,262.0,0.129,0.971,0.001
2026-04-10T13:00:00Z,392584.7,-70445.6,264.7,0.129,0.972,0.001
2026-04-10T14:00:00Z,392374.8,-70707.6,267.5,0.130,0.972,0.001
2026-04-10T15:00:00Z,392163.4,-70966.2,270.2,0.130,0.973,0.001
2026-04-10T16:00:00Z,391950.5,-71221.2,272.8,0.130,0.973,0.001
2026-04-10T17:00:00Z,391736.2,-71472.8,275.5,0.131,0.973,0.001
2026-04-10T18:00:00Z,391520.3,-71720.7,278.1,0.131,0.974,0.001
2026-04-10T19:00:00Z,391303.1,-71965.1,280.7,0.131,0.974,0.001
2026-04-10T20:00:00Z,391084.5,-72205.8,283.3,0.131,0.975,0.001
2026-04-10T21:00:00Z,390864.6,-72442.9,285.8,0.132,0.975,0.001
2026-04-10T22:00:00Z,390643.3,-72676.2,288.4,0.132,0.976,0.001
2026-04-10T23:00:00Z,390420.7,-72905.7,290.8,0.132,0.976,0.001
2026-04-11T00:00:00Z,390196.8,-73131.5,293.3,0.132,0.976,0.001
2026-04-11T01:00:00Z,389971.7,-73353.5,295.7,0.133,0.977,0.001
2026-04-11T02:00:00Z,389745.4,-73571.5,298.1,0.133,0.977,0.001
2026-04-11T03:00:00Z,389517.9,-73785.7,300.5,0.133,0.978,0.001
2026-04-11T04:00:00Z,389289.2,-73996.0,302.8,0.133,0.978,0.001
2026-04-11T05:00:00Z,389059.5,-74202.3,305.1,0.134,0.979,0.001
2026-04-11T06:00:00Z,388828.6,-74404.6,307.4,0.134,0.979,0.001
2026-04-11T07:00:00Z,388596.7,-74602.9,309.6,0.134,0.980,0.001
2026-04-11T08:00:00Z,388363.7,-74797.2,311.8,0.134,0.980,0.001
2026-04-11T09:00:00Z,388129.8,-74987.3,314.0,0.134,0.981,0.001
2026-04-11T10:00:00Z,387894.9,-75173.3,316.1,0.135,0.981,0.001
2026-04-11T11:00:00Z,387659.1,-75355.2,318.2,0.135,0.982,0.001
2026-04-11T12:00:00Z,387422.3,-75532.9,320.3,0.135,0.982,0.001
2026-04-11T13:00:00Z,387184.7,-75706.4,322.3,0.135,0.983,0.001
2026-04-11T14:00:00Z,386946.3,-75875.7,324.3,0.136,0.984,0.001
2026-04-11T15:00:00Z,386707.1,-76040.7,326.2,0.136,0.984,0.001
2026-04-11T16:00:00Z,386467.1,-76201.4,328.1,0.136,0.985,0.001
2026-04-11T17:00:00Z,386226.4,-76357.8,330.0,0.136,0.985,0.001
2026-04-11T18:00:00Z,385984.9,-76509.8,331.8,0.136,0.986,0.001
2026-04-11T19:00:00Z,385742.8,-76657.5,333.6,0.137,0.986,0.000
2026-04-11T20:00:00Z,385500.1,-76800.8,335.4,0.137,0.987,0.000
2026-04-11T21:00:00Z,385256.7,-76939.6,337.1,0.137,0.988,0.000
2026-04-11T22:00:00Z,385012.8,-77074.0,338.7,0.137,0.988,0.000
2026-04-11T23:00:00Z,384768.4,-77204.0,340.4,0.138,0.989,0.000
2026-04-12T00:00:00Z,384523.5,-77329.4,341.9,0.138,0.989,0.000
2026-04-12T01:00:00Z,384278.1,-77450.3,343.5,0.138,0.990,0.000
2026-04-12T02:00:00Z,384032.2,-77566.7,345.0,0.138,0.991,0.000
2026-04-12T03:00:00Z,383786.0,-77678.5,346.4,0.138,0.991,0.000
2026-04-12T04:00:00Z,383539.4,-77785.8,347.8,0.139,0.992,0.000
2026-04-12T05:00:00Z,383292.5,-77888.4,349.2,0.139,0.992,0.000
2026-04-12T06:00:00Z,383045.3,-77986.5,350.5,0.139,0.993,0.000
2026-04-12T07:00:00Z,382797.9,-78079.9,351.8,0.139,0.994,0.000
2026-04-12T08:00:00Z,382550.2,-78168.6,353.0,0.139,0.994,0.000
2026-04-12T09:00:00Z,382302.3,-78252.6,354.2,0.139,0.995,0.000
2026-04-12T10:00:00Z,382054.3,-78332.0,355.4,0.140,0.996,0.000
2026-04-12T11:00:00Z,381806.2,-78406.6,356.4,0.140,0.996,0.000
2026-04-12T12:00:00Z,381558.0,-78476.6,357.5,0.140,0.997,0.000
2026-04-12T13:00:00Z,381309.7,-78541.8,358.5,0.140,0.998,0.000
2026-04-12T14:00:00Z,381061.4,-78602.2,359.4,0.140,0.998,0.000
2026-04-12T15:00:00Z,380813.2,-78657.8,360.3,0.140,0.999,0.000
2026-04-12T16:00:00Z,380565.0,-78708.7,361.2,0.141,1.000,0.000
2026-04-12T17:00:00Z,380316.9,-78754.8,362.0,0.141,1.000,0.000
2026-04-12T18:00:00Z,380068.9,-78796.1,362.7,0.141,1.001,0.000
2026-04-12T19:00:00Z,379821.1,-78832.5,363.4,0.141,1.002,0.000
2026-04-12T20:00:00Z,379573.5,-78864.1,364.0,0.141,1.002,0.000
2026-04-12T21:00:00Z,379326.1,-78890.9,364.6,0.141,1.003,0.000
2026-04-12T22:00:00Z,379079.0,-78912.9,365.2,0.141,1.004,0.000
2026-04-12T23:00:00Z,378832.2,-78929.9,365.7,0.142,1.004,0.000
2026-04-13T00:00:00Z,378585.7,-78942.1,366.1,0.142,1.005,0.000
2026-04-13T01:00:00Z,378339.6,-78949.5,366.5,0.142,1.006,0.000
2026-04-13T02:00:00Z,378093.9,-78951.9,366.8,0.142,1.006,0.000
2026-04-13T03:00:00Z,377848.7,-78949.5,367.1,0.142,1.007,0.000
2026-04-13T04:00:00Z,377603.9,-78942.1,367.3,0.142,1.008,0.000
2026-04-13T05:00:00Z,377359.7,-78929.9,367.5,0.142,1.009,0.000
2026-04-13T06:00:00Z,377115.9,-78912.8,367.6,0.142,1.009,0.000
2026-04-13T07:00:00Z,376872.8,-78890.7,367.7,0.143,1.010,0.000
2026-04-13T08:00:00Z,376630.3,-78863.8,367.7,0.143,1.011,-0.000
2026-04-13T09:00:00Z,376388.4,-78831.9,367.6,0.143,1.011,-0.000
2026-04-13T10:00:00Z,376147.2,-78795.2,367.5,0.143,1.012,-0.000
2026-04-13T11:00:00Z,375906.7,-78753.5,367.3,0.143,1.013,-0.000
2026-04-13T12:00:00Z,375667.0,-78706.9,367.1,0.143,1.014,-0.000
2026-04-13T13:00:00Z,375428.0,-78655.4,366.8,0.143,1.014,-0.000
2026-04-13T14:00:00Z,375189.8,-78599.0,366.5,0.143,1.015,-0.000
2026-04-13T15:00:00Z,374952.5,-78537.6,366.1,0.143,1.016,-0.000
2026-04-13T16:00:00Z,374716.1,-78471.4,365.6,0.143,1.017,-0.000
2026-04-13T17:00:00Z,374480.6,-78400.3,365.1,0.143,1.017,-0.000
2026-04-13T18:00:00Z,374246.0,-78324.2,364.5,0.143,1.018,-0.000
2026-04-13T19:00:00Z,374012.4,-78243.3,363.9,0.144,1.019,-0.000
2026-04-13T20:00:00Z,373779.8,-78157.5,363.2,0.144,1.019,-0.000
2026-04-13T21:00:00Z,373548.3,-78066.8,362.5,0.144,1.020,-0.000
2026-04-13T22:00:00Z,373317.8,-77971.2,361.7,0.144,1.021,-0.000
2026-04-13T23:00:00Z,373088.4,-77870.8,360.8,0.144,1.022,-0.000
2026-04-14T00:00:00Z,372860.1,-77765.5,359.9,0.144,1.022,-0.000
2026-04-14T01:00:00Z,372633.0,-77655.4,358.9,0.144,1.023,-0.000
2026-04-14T02:00:00Z,372407.1,-77540.4,357.8,0.144,1.024,-0.000
2026-04-14T03:00:00Z,372182.5,-77420.6,356.7,0.144,1.025,-0.000
2026-04-14T04:00:00Z,371959.0,-77296.0,355.6,0.144,1.025,-0.000
2026-04-14T05:00:00Z,371736.9,-77166.6,354.3,0.144,1.026,-0.000
2026-04-14T06:00:00Z,371516.1,-77032.4,353.0,0.144,1.027,-0.000
2026-04-14T07:00:00Z,371296.6,-76893.4,351.7,0.144,1.028,-0.000
2026-04-14T08:00:00Z,371078.4,-76749.6,350.3,0.144,1.028,-0.000
2026-04-14T09:00:00Z,370861.7,-76601.1,348.8,0.144,1.029,-0.000
2026-04-14T10:00:00Z,370646.4,-76447.8,347.2,0.144,1.030,-0.000
2026-04-14T11:00:00Z,370432.6,-76289.9,345.6,0.144,1.031,-0.000
2026-04-14T12:00:00Z,370220.2,-76127.2,344.0,0.144,1.031,-0.000
2026-04-14T13:00:00Z,370009.4,-75959.9,342.3,0.144,1.032,-0.000
2026-04-14T14:00:00Z,369800.0,-75787.8,340.5,0.144,1.033,-0.001
2026-04-14T15:00:00Z,369592.3,-75611.2,338.6,0.144,1.034,-0.001
2026-04-14T16:00:00Z,369386.1,-75429.9,336.7,0.144,1.034,-0.001
2026-04-14T17:00:00Z,369181.5,-75244.0,334.7,0.144,1.035,-0.001
2026-04-14T18:00:00Z,368978.6,-75053.5,332.7,0.144,1.036,-0.001
2026-04-14T19:00:00Z,368777.4,-74858.4,330.6,0.144,1.036,-0.001
2026-04-14T20:00:00Z,368577.8,-74658.8,328.4,0.144,1.037,-0.001
2026-04-14T21:00:00Z,368380.0,-74454.7,326.2,0.143,1.038,-0.001
2026-04-14T22:00:00Z,368183.9,-74246.1,323.9,0.143,1.039,-0.001
2026-04-14T23:00:00Z,367989.5,-74033.0,321.6,0.143,1.039,-0.001
2026-04-15T00:00:00Z,367797.0,-73815.5,319.1,0.143,1.040,-0.001
2026-04-15T01:00:00Z,367606.2,-73593.5,316.7,0.143,1.041,-0.001
2026-04-15T02:00:00Z,367417.3,-73367.2,314.1,0.143,1.041,-0.001
2026-04-15T03:00:00Z,367230.2,-73136.5,311.5,0.143,1.042,-0.001
2026-04-15T04:00:00Z,367045.0,-72901.4,308.8,0.143,1.043,-0.001
2026-04-15T05:00:00Z,366861.7,-72662.0,306.1,0.143,1.044,-0.001
2026-04-15T06:00:00Z,366680.4,-72418.4,303.3,0.143,1.044,-0.001
2026-04-15T07:00:00Z,366500.9,-72170.4,300.5,0.143,1.045,-0.001
2026-04-15T08:00:00Z,366323.5,-71918.3,297.5,0.142,1.046,-0.001
2026-04-15T09:00:00Z,366148.0,-71662.0,294.6,0.142,1.046,-0.001
2026-04-15T10:00:00Z,365974.5,-71401.5,291.5,0.142,1.047,-0.001
2026-04-15T11:00:00Z,365803.0,-71136.8,288.4,0.142,1.048,-0.001
2026-04-15T12:00:00Z,365633.6,-70868.1,285.2,0.142,1.048,-0.001
2026-04-15T13:00:00Z,365466.2,-70595.3,282.0,0.142,1.049,-0.001
2026-04-15T14:00:00Z,365300.9,-70318.5,278.7,0.142,1.050,-0.001
2026-04-15T15:00:00Z,365137.6,-70037.6,275.3,0.141,1.051,-0.001
2026-04-15T16:00:00Z,364976.5,-69752.8,271.9,0.141,1.051,-0.001
2026-04-15T17:00:00Z,364817.5,-69464.1,268.4,0.141,1.052,-0.001
2026-04-15T18:00:00Z,364660.7,-69171.5,264.9,0.141,1.052,-0.001
2026-04-15T19:00:00Z,364506.0,-68875.0,261.3,0.141,1.053,-0.001
2026-04-15T20:00:00Z,364353.5,-68574.7,257.6,0.140,1.054,-0.001
2026-04-15T21:00:00Z,364203.2,-68270.7,253.9,0.140,1.054,-0.001
2026-04-15T22:00:00Z,364055.1,-67962.8,250.1,0.140,1.055,-0.001
2026-04-15T23:00:00Z,363909.2,-67651.3,246.3,0.140,1.056,-0.001
2026-04-16T00:00:00Z,363765.5,-67336.1,242.4,0.140,1.056,-0.001
2026-04-16T01:00:00Z,363624.1,-67017.3,238.4,0.139,1.057,-0.001
2026-04-16T02:00:00Z,363484.9,-66694.9,234.4,0.139,1.058,-0.001
2026-04-16T03:00:00Z,363348.0,-66369.0,230.3,0.139,1.058,-0.001
2026-04-16T04:00:00Z,363213.4,-66039.5,226.1,0.139,1.059,-0.001
2026-04-16T05:00:00Z,363081.1,-65706.6,221.9,0.138,1.059,-0.001
2026-04-16T06:00:00Z,362951.0,-65370.3,217.6,0.138,1.060,-0.001
2026-04-16T07:00:00Z,362823.3,-65030.6,213.3,0.138,1.061,-0.001
2026-04-16T08:00:00Z,362698.0,-64687.6,208.9,0.138,1.061,-0.001
2026-04-16T09:00:00Z,362574.9,-64341.3,204.5,0.137,1.062,-0.001
2026-04-16T10:00:00Z,362454.2,-63991.7,200.0,0.137,1.062,-0.001
2026-04-16T11:00:00Z,362335.9,-63638.9,195.4,0.137,1.063,-0.001
2026-04-16T12:00:00Z,362219.9,-63283.0,190.8,0.137,1.063,-0.001
2026-04-16T13:00:00Z,362106.3,-62924.0,186.1,0.136,1.064,-0.001
2026-04-16T14:00:00Z,361995.1,-62561.9,181.4,0.136,1.065,-0.001
2026-04-16T15:00:00Z,361886.3,-62196.8,176.6,0.136,1.065,-0.001
2026-04-16T16:00:00Z,361779.9,-61828.7,171.8,0.135,1.066,-0.001
2026-04-16T17:00:00Z,361675.8,-61457.7,166.9,0.135,1.066,-0.001
2026-04-16T18:00:00Z,361574.2,-61083.8,162.0,0.135,1.067,-0.001
2026-04-16T19:00:00Z,361475.0,-60707.1,157.0,0.134,1.067,-0.001
2026-04-16T20:00:00Z,361378.2,-60327.6,151.9,0.134,1.068,-0.001
2026-04-16T21:00:00Z,361283.9,-59945.4,146.8,0.134,1.068,-0.001
2026-04-16T22:00:00Z,361191.9,-59560.5,141.6,0.133,1.069,-0.001
2026-04-16T23:00:00Z,361102.4,-59172.9,136.4,0.133,1.069,-0.001
2026-04-17T00:00:00Z,361015.4,-58782.8,131.1,0.133,1.070,-0.001
2026-04-17T01:00:00Z,360930.8,-58390.1,125.8,0.132,1.070,-0.001
2026-04-17T02:00:00Z,360848.6,-57995.0,120.5,0.132,1.071,-0.001
2026-04-17T03:00:00Z,360768.9,-57597.4,115.0,0.132,1.071,-0.002
2026-04-17T04:00:00Z,360691.6,-57197.5,109.6,0.131,1.072,-0.002
2026-04-17T05:00:00Z,360616.8,-56795.2,104.1,0.131,1.072,-0.002
2026-04-17T06:00:00Z,360544.4,-56390.7,98.5,0.130,1.072,-0.002
2026-04-17T07:00:00Z,360474.5,-55983.9,92.9,0.130,1.073,-0.002
2026-04-17T08:00:00Z,360407.1,-55574.9,87.2,0.130,1.073,-0.002
2026-04-17T09:00:00Z,360342.1,-55163.9,81.5,0.129,1.074,-0.002
2026-04-17T10:00:00Z,360279.5,-54750.7,75.7,0.129,1.074,-0.002
2026-04-17T11:00:00Z,360219.4,-54335.6,69.9,0.128,1.074,-0.002
2026-04-17T12:00:00Z,360161.8,-53918.4,64.1,0.128,1.075,-0.002
2026-04-17T13:00:00Z,360106.6,-53499.4,58.2,0.127,1.075,-0.002
2026-04-17T14:00:00Z,360053.9,-53078.5,52.3,0.127,1.076,-0.002
2026-04-17T15:00:00Z,360003.6,-52655.8,46.3,0.127,1.076,-0.002
2026-04-17T16:00:00Z,359955.8,-52231.4,40.3,0.126,1.076,-0.002
2026-04-17T17:00:00Z,359910.4,-51805.2,34.2,0.126,1.077,-0.002
2026-04-17T18:00:00Z,359867.5,-51377.4,28.1,0.125,1.077,-0.002
2026-04-17T19:00:00Z,359827.0,-50948.1,22.0,0.125,1.077,-0.002
2026-04-17T20:00:00Z,359788.9,-50517.2,15.8,0.124,1.078,-0.002
2026-04-17T21:00:00Z,359753.3,-50084.8,9.5,0.124,1.078,-0.002
2026-04-17T22:00:00Z,359720.1,-49651.0,3.3,0.123,1.078,-0.002
2026-04-17T23:00:00Z,359689.4,-49215.8,-3.0,0.123,1.079,-0.002
2026-04-18T00:00:00Z,359661.0,-48779.3,-9.4,0.122,1.079,-0.002
2026-04-18T01:00:00Z,359635.1,-48341.6,-15.7,0.122,1.079,-0.002
2026-04-18T02:00:00Z,359611.5,-47902.6,-22.1,0.121,1.079,-0.002
2026-04-18T03:00:00Z,359590.4,-47462.5,-28.6,0.121,1.080,-0.002
2026-04-18T04:00:00Z,359571.7,-47021.3,-35.1,0.120,1.080,-0.002
2026-04-18T05:00:00Z,359555.4,-46579.1,-41.6,0.120,1.080,-0.002
2026-04-18T06:00:00Z,359541.4,-46135.8,-48.1,0.119,1.080,-0.002
2026-04-18T07:00:00Z,359529.8,-45691.7,-54.7,0.119,1.081,-0.002
2026-04-18T08:00:00Z,359520.6,-45246.7,-61.3,0.118,1.081,-0.002
2026-04-18T09:00:00Z,359513.8,-44800.8,-68.0,0.118,1.081,-0.002
2026-04-18T10:00:00Z,359509.3,-44354.2,-74.6,0.117,1.081,-0.002
2026-04-18T11:00:00Z,359507.2,-43906.9,-81.3,0.117,1.081,-0.002
2026-04-18T12:00:00Z,359507.4,-43458.9,-88.0,0.116,1.081,-0.002
2026-04-18T13:00:00Z,359509.9,-43010.3,-94.8,0.116,1.082,-0.002
2026-04-18T14:00:00Z,359514.8,-42561.2,-101.6,0.115,1.082,-0.002
2026-04-18T15:00:00Z,359521.9,-42111.6,-108.4,0.114,1.082,-0.002
2026-04-18T16:00:00Z,359531.4,-41661.6,-115.2,0.114,1.082,-0.002
2026-04-18T17:00:00Z,359543.2,-41211.1,-122.1,0.113,1.082,-0.002
2026-04-18T18:00:00Z,359557.2,-40760.4,-128.9,0.113,1.082,-0.002
2026-04-18T19:00:00Z,359573.5,-40309.4,-135.8,0.112,1.082,-0.002
2026-04-18T20:00:00Z,359592.1,-39858.1,-142.8,0.112,1.083,-0.002
2026-04-18T21:00:00Z,359612.9,-39406.7,-149.7,0.111,1.083,-0.002
2026-04-18T22:00:00Z,359636.0,-38955.2,-156.6,0.110,1.083,-0.002
2026-04-18T23:00:00Z,359661.3,-38503.7,-163.6,0.110,1.083,-0.002
2026-04-19T00:00:00Z,359688.8,-38052.1,-170.6,0.109,1.083,-0.002
2026-04-19T01:00:00Z,359718.5,-37600.6,-177.6,0.109,1.083,-0.002
2026-04-19T02:00:00Z,359750.4,-37149.2,-184.7,0.108,1.083,-0.002
2026-04-19T03:00:00Z,359784.5,-36697.9,-191.7,0.107,1.083,-0.002
2026-04-19T04:00:00Z,359820.8,-36246.9,-198.7,0.107,1.083,-0.002
2026-04-19T05:00:00Z,359859.2,-35796.1,-205.8,0.106,1.083,-0.002
2026-04-19T06:00:00Z,359899.8,-35345.6,-212.9,0.106,1.083,-0.002
2026-04-19T07:00:00Z,359942.5,-34895.5,-220.0,0.105,1.083,-0.002
2026-04-19T08:00:00Z,359987.3,-34445.9,-227.1,0.104,1.083,-0.002
2026-04-19T09:00:00Z,360034.2,-33996.7,-234.2,0.104,1.083,-0.002
2026-04-19T10:00:00Z,360083.2,-33548.0,-241.3,0.103,1.083,-0.002
2026-04-19T11:00:00Z,360134.3,-33099.9,-248.4,0.103,1.083,-0.002
2026-04-19T12:00:00Z,360187.5,-32652.4,-255.6,0.102,1.083,-0.002
2026-04-19T13:00:00Z,360242.7,-32205.6,-262.7,0.101,1.083,-0.002
2026-04-19T14:00:00Z,360299.9,-31759.5,-269.9,0.101,1.083,-0.002
2026-04-19T15:00:00Z,360359.2,-31314.2,-277.0,0.100,1.083,-0.002
2026-04-19T16:00:00Z,360420.5,-30869.8,-284.1,0.099,1.083,-0.002
2026-04-19T17:00:00Z,360483.8,-30426.2,-291.3,0.099,1.083,-0.002
2026-04-19T18:00:00Z,360549.0,-29983.5,-298.4,0.098,1.083,-0.002
2026-04-19T19:00:00Z,360616.2,-29541.8,-305.6,0.098,1.082,-0.002
2026-04-19T20:00:00Z,360685.4,-29101.1,-312.7,0.097,1.082,-0.002
2026-04-19T21:00:00Z,360756.5,-28661.5,-319.9,0.096,1.082,-0.002
2026-04-19T22:00:00Z,360829.5,-28223.1,-327.0,0.096,1.082,-0.002
2026-04-19T23:00:00Z,360904.4,-27785.7,-334.2,0.095,1.082,-0.002
2026-04-20T00:00:00Z,360981.2,-27349.6,-341.3,0.094,1.082,-0.002
2026-04-20T01:00:00Z,361059.9,-26914.8,-348.4,0.094,1.082,-0.002
2026-04-20T02:00:00Z,361140.4,-26481.2,-355.6,0.093,1.082,-0.002
2026-04-20T03:00:00Z,361222.8,-26049.0,-362.7,0.092,1.081,-0.002
2026-04-20T04:00:00Z,361306.9,-25618.2,-369.8,0.092,1.081,-0.002
2026-04-20T05:00:00Z,361392.9,-25188.9,-376.9,0.091,1.081,-0.002
2026-04-20T06:00:00Z,361480.7,-24761.0,-384.0,0.091,1.081,-0.002
2026-04-20T07:00:00Z,361570.3,-24334.6,-391.0,0.090,1.081,-0.002
2026-04-20T08:00:00Z,361661.6,-23909.9,-398.1,0.089,1.080,-0.002
2026-04-20T09:00:00Z,361754.7,-23486.7,-405.1,0.089,1.080,-0.002
2026-04-20T10:00:00Z,361849.4,-23065.2,-412.2,0.088,1.080,-0.002
2026-04-20T11:00:00Z,361945.9,-22645.4,-419.2,0.087,1.080,-0.002
2026-04-20T12:00:00Z,362044.1,-22227.3,-426.2,0.087,1.080,-0.002
2026-04-20T13:00:00Z,362143.9,-21811.1,-433.1,0.086,1.079,-0.002
2026-04-20T14:00:00Z,362245.5,-21396.6,-440.1,0.085,1.079,-0.002
2026-04-20T15:00:00Z,362348.6,-20984.0,-447.0,0.085,1.079,-0.002
2026-04-20T16:00:00Z,362453.4,-20573.3,-454.0,0.084,1.079,-0.002
2026-04-20T17:00:00Z,362559.7,-20164.6,-460.9,0.083,1.078,-0.002
2026-04-20T18:00:00Z,362667.7,-19757.9,-467.7,0.083,1.078,-0.002
2026-04-20T19:00:00Z,362777.2,-19353.1,-474.6,0.082,1.078,-0.002
2026-04-20T20:00:00Z,362888.3,-18950.4,-481.4,0.082,1.078,-0.002
2026-04-20T21:00:00Z,363000.9,-18549.9,-488.2,0.081,1.077,-0.002
2026-04-20T22:00:00Z,363115.0,-18151.4,-495.0,0.080,1.077,-0.002
2026-04-20T23:00:00Z,363230.7,-17755.2,-501.7,0.080,1.077,-0.002
2026-04-21T00:00:00Z,363347.8,-17361.1,-508.4,0.079,1.076,-0.002
2026-04-21T01:00:00Z,363466.3,-16969.3,-515.1,0.078,1.076,-0.002
2026-04-21T02:00:00Z,363586.3,-16579.7,-521.8,0.078,1.076,-0.002
2026-04-21T03:00:00Z,363707.8,-16192.5,-528.4,0.077,1.075,-0.002
2026-04-21T04:00:00Z,363830.6,-15807.6,-535.0,0.076,1.075,-0.002
2026-04-21T05:00:00Z,363954.9,-15425.1,-541.6,0.076,1.075,-0.002
2026-04-21T06:00:00Z,364080.5,-15045.0,-548.1,0.075,1.074,-0.002
2026-04-21T07:00:00Z,364207.5,-14667.3,-554.6,0.074,1.074,-0.002
2026-04-21T08:00:00Z,364335.8,-14292.1,-561.0,0.074,1.074,-0.002
2026-04-21T09:00:00Z,364465.4,-13919.5,-567.4,0.073,1.073,-0.002
2026-04-21T10:00:00Z,364596.3,-13549.3,-573.8,0.073,1.073,-0.002
2026-04-21T11:00:00Z,364728.5,-13181.8,-580.2,0.072,1.073,-0.002
2026-04-21T12:00:00Z,364862.0,-12816.8,-586.5,0.071,1.072,-0.002
2026-04-21T13:00:00Z,364996.7,-12454.5,-592.7,0.071,1.072,-0.002
2026-04-21T14:00:00Z,365132.7,-12094.8,-598.9,0.070,1.071,-0.002
2026-04-21T15:00:00Z,365269.9,-11737.8,-605.1,0.070,1.071,-0.002
2026-04-21T16:00:00Z,365408.2,-11383.5,-611.2,0.069,1.071,-0.002
2026-04-21T17:00:00Z,365547.7,-11031.9,-617.3,0.068,1.070,-0.002
2026-04-21T18:00:00Z,365688.4,-10683.1,-623.4,0.068,1.070,-0.002
2026-04-21T19:00:00Z,365830.3,-10337.1,-629.4,0.067,1.070,-0.002
2026-04-21T20:00:00Z,365973.2,-9993.9,-635.3,0.066,1.069,-0.002
2026-04-21T21:00:00Z,366117.2,-9653.6,-641.2,0.066,1.069,-0.002
2026-04-21T22:00:00Z,366262.4,-9316.1,-647.0,0.065,1.068,-0.002
2026-04-21T23:00:00Z,366408.6,-8981.5,-652.8,0.065,1.068,-0.002
2026-04-22T00:00:00Z,366555.8,-8649.8,-658.6,0.064,1.067,-0.002
2026-04-22T01:00:00Z,366704.1,-8321.1,-664.3,0.063,1.067,-0.002
2026-04-22T02:00:00Z,366853.4,-7995.3,-669.9,0.063,1.067,-0.002
2026-04-22T03:00:00Z,367003.6,-7672.5,-675.5,0.062,1.066,-0.002
2026-04-22T04:00:00Z,367154.9,-7352.7,-681.1,0.062,1.066,-0.002
2026-04-22T05:00:00Z,367307.1,-7035.9,-686.5,0.061,1.065,-0.002
2026-04-22T06:00:00Z,367460.2,-6722.1,-692.0,0.061,1.065,-0.001
2026-04-22T07:00:00Z,367614.3,-6411.5,-697.3,0.060,1.064,-0.001
2026-04-22T08:00:00Z,367769.3,-6103.8,-702.6,0.059,1.064,-0.001
2026-04-22T09:00:00Z,367925.1,-5799.3,-707.9,0.059,1.064,-0.001
2026-04-22T10:00:00Z,368081.9,-5497.9,-713.1,0.058,1.063,-0.001
2026-04-22T11:00:00Z,368239.5,-5199.7,-718.2,0.058,1.063,-0.001
2026-04-22T12:00:00Z,368397.9,-4904.5,-723.3,0.057,1.062,-0.001
2026-04-22T13:00:00Z,368557.1,-4612.6,-728.3,0.057,1.062,-0.001
2026-04-22T14:00:00Z,368717.1,-4323.8,-733.3,0.056,1.061,-0.001
2026-04-22T15:00:00Z,368877.9,-4038.2,-738.1,0.056,1.061,-0.001
2026-04-22T16:00:00Z,369039.5,-3755.9,-743.0,0.055,1.060,-0.001
2026-04-22T17:00:00Z,369201.8,-3476.7,-747.7,0.054,1.060,-0.001
2026-04-22T18:00:00Z,369364.9,-3200.8,-752.4,0.054,1.059,-0.001
2026-04-22T19:00:00Z,369528.6,-2928.2,-757.0,0.053,1.059,-0.001
2026-04-22T20:00:00Z,369693.1,-2658.8,-761.6,0.053,1.058,-0.001
2026-04-22T21:00:00Z,369858.2,-2392.7,-766.1,0.052,1.058,-0.001
2026-04-22T22:00:00Z,370024.0,-2129.9,-770.5,0.052,1.057,-0.001
2026-04-22T23:00:00Z,370190.4,-1870.4,-774.9,0.051,1.057,-0.001
2026-04-23T00:00:00Z,370357.5,-1614.2,-779.1,0.051,1.057,-0.001
2026-04-23T01:00:00Z,370525.1,-1361.3,-783.4,0.050,1.056,-0.001
2026-04-23T02:00:00Z,370693.4,-1111.8,-787.5,0.050,1.056,-0.001
2026-04-23T03:00:00Z,370862.2,-865.6,-791.6,0.049,1.055,-0.001
2026-04-23T04:00:00Z,371031.6,-622.7,-795.6,0.049,1.055,-0.001
2026-04-23T05:00:00Z,371201.6,-383.2,-799.5,0.048,1.054,-0.001
2026-04-23T06:00:00Z,371372.1,-147.1,-803.3,0.048,1.054,-0.001
2026-04-23T07:00:00Z,371543.0,85.6,-807.1,0.047,1.053,-0.001
2026-04-23T08:00:00Z,371714.5,315.0,-810.8,0.047,1.053,-0.001
2026-04-23T09:00:00Z,371886.5,541.0,-814.4,0.046,1.052,-0.001
2026-04-23T10:00:00Z,372058.9,763.6,-818.0,0.046,1.052,-0.001
2026-04-23T11:00:00Z,372231.8,982.7,-821.5,0.045,1.051,-0.001
2026-04-23T12:00:00Z,372405.1,1198.5,-824.9,0.045,1.051,-0.001
2026-04-23T13:00:00Z,372578.8,1410.9,-828.2,0.045,1.050,-0.001
2026-04-23T14:00:00Z,372752.9,1619.8,-831.4,0.044,1.050,-0.001
2026-04-23T15:00:00Z,372927.4,1825.3,-834.6,0.044,1.049,-0.001
2026-04-23T16:00:00Z,373102.3,2027.4,-837.6,0.043,1.049,-0.001
2026-04-23T17:00:00Z,373277.5,2226.1,-840.6,0.043,1.048,-0.001
2026-04-23T18:00:00Z,373453.1,2421.3,-843.6,0.042,1.048,-0.001
2026-04-23T19:00:00Z,373628.9,2613.1,-846.4,0.042,1.047,-0.001
2026-04-23T20:00:00Z,373805.1,2801.5,-849.1,0.042,1.047,-0.001
2026-04-23T21:00:00Z,373981.6,2986.4,-851.8,0.041,1.046,-0.001
2026-04-23T22:00:00Z,374158.4,3167.9,-854.4,0.041,1.046,-0.001
2026-04-23T23:00:00Z,374335.4,3345.9,-856.9,0.040,1.045,-0.001
2026-04-24T00:00:00Z,374512.7,3520.5,-859.3,0.040,1.045,-0.001
2026-04-24T01:00:00Z,374690.3,3691.7,-861.6,0.040,1.044,-0.001
2026-04-24T02:00:00Z,374868.0,3859.4,-863.9,0.039,1.044,-0.001
2026-04-24T03:00:00Z,375046.0,4023.7,-866.0,0.039,1.043,-0.001
2026-04-24T04:00:00Z,375224.1,4184.5,-868.1,0.038,1.043,-0.001
2026-04-24T05:00:00Z,375402.5,4341.9,-870.1,0.038,1.043,-0.001
2026-04-24T06:00:00Z,375581.0,4495.9,-872.0,0.038,1.042,-0.001
2026-04-24T07:00:00Z,375759.6,4646.4,-873.8,0.037,1.042,-0.000
2026-04-24T08:00:00Z,375938.4,4793.5,-875.5,0.037,1.041,-0.000
2026-04-24T09:00:00Z,376117.3,4937.2,-877.2,0.037,1.041,-0.000
2026-04-24T10:00:00Z,376296.4,5077.4,-878.7,0.036,1.040,-0.000
2026-04-24T11:00:00Z,376475.5,5214.2,-880.2,0.036,1.040,-0.000
2026-04-24T12:00:00Z,376654.7,5347.6,-881.5,0.036,1.039,-0.000
2026-04-24T13:00:00Z,376834.0,5477.5,-882.8,0.035,1.039,-0.000
2026-04-24T14:00:00Z,377013.4,5604.1,-884.0,0.035,1.038,-0.000
2026-04-24T15:00:00Z,377192.8,5727.2,-885.1,0.035,1.038,-0.000
2026-04-24T16:00:00Z,377372.2,5846.9,-886.1,0.034,1.037,-0.000
2026-04-24T17:00:00Z,377551.7,5963.2,-887.0,0.034,1.037,-0.000
2026-04-24T18:00:00Z,377731.2,6076.1,-887.8,0.034,1.036,-0.000
2026-04-24T19:00:00Z,377910.7,6185.7,-888.5,0.033,1.036,-0.000
2026-04-24T20:00:00Z,378090.2,6291.8,-889.2,0.033,1.035,-0.000
2026-04-24T21:00:00Z,378269.6,6394.5,-889.7,0.033,1.035,-0.000
2026-04-24T22:00:00Z,378449.1,6493.9,-890.1,0.033,1.035,-0.000
2026-04-24T23:00:00Z,378628.4,6589.9,-890.5,0.032,1.034,-0.000
2026-04-25T00:00:00Z,378807.7,6682.6,-890.7,0.032,1.034,-0.000
2026-04-25T01:00:00Z,378987.0,6771.8,-890.9,0.032,1.033,-0.000
2026-04-25T02:00:00Z,379166.2,6857.8,-891.0,0.032,1.033,-0.000
2026-04-25T03:00:00Z,379345.3,6940.3,-890.9,0.031,1.032,0.000
2026-04-25T04:00:00Z,379524.2,7019.6,-890.8,0.031,1.032,0.000
2026-04-25T05:00:00Z,379703.1,7095.5,-890.6,0.031,1.031,0.000
2026-04-25T06:00:00Z,379881.9,7168.1,-890.3,0.031,1.031,0.000
2026-04-25T07:00:00Z,380060.5,7237.4,-889.9,0.030,1.030,0.000
2026-04-25T08:00:00Z,380238.9,7303.4,-889.4,0.030,1.030,0.000
2026-04-25T09:00:00Z,380417.3,7366.1,-888.8,0.030,1.030,0.000
2026-04-25T10:00:00Z,380595.4,7425.4,-888.1,0.030,1.029,0.000
2026-04-25T11:00:00Z,380773.4,7481.6,-887.3,0.030,1.029,0.000
2026-04-25T12:00:00Z,380951.2,7534.4,-886.4,0.029,1.028,0.000
2026-04-25T13:00:00Z,381128.8,7584.0,-885.4,0.029,1.028,0.000
2026-04-25T14:00:00Z,381306.2,7630.3,-884.3,0.029,1.027,0.000
2026-04-25T15:00:00Z,381483.4,7673.4,-883.1,0.029,1.027,0.000
2026-04-25T16:00:00Z,381660.4,7713.2,-881.8,0.029,1.027,0.000
2026-04-25T17:00:00Z,381837.1,7749.8,-880.4,0.028,1.026,0.000
2026-04-25T18:00:00Z,382013.6,7783.2,-879.0,0.028,1.026,0.000
2026-04-25T19:00:00Z,382189.9,7813.4,-877.4,0.028,1.025,0.000
2026-04-25T20:00:00Z,382365.9,7840.3,-875.7,0.028,1.025,0.000
2026-04-25T21:00:00Z,382541.7,7864.1,-873.9,0.028,1.024,0.001
2026-04-25T22:00:00Z,382717.1,7884.8,-872.0,0.028,1.024,0.001
2026-04-25T23:00:00Z,382892.3,7902.2,-870.1,0.028,1.024,0.001
2026-04-26T00:00:00Z,383067.2,7916.5,-868.0,0.027,1.023,0.001
2026-04-26T01:00:00Z,383241.8,7927.6,-865.8,0.027,1.023,0.001
2026-04-26T02:00:00Z,383416.1,7935.6,-863.6,0.027,1.022,0.001
2026-04-26T03:00:00Z,383590.1,7940.5,-861.2,0.027,1.022,0.001
2026-04-26T04:00:00Z,383763.7,7942.3,-858.7,0.027,1.022,0.001
2026-04-26T05:00:00Z,383937.1,7940.9,-856.2,0.027,1.021,0.001
2026-04-26T06:00:00Z,384110.0,7936.5,-853.5,0.027,1.021,0.001
2026-04-26T07:00:00Z,384282.7,7929.0,-850.7,0.027,1.020,0.001
2026-04-26T08:00:00Z,384455.0,7918.4,-847.9,0.027,1.020,0.001
2026-04-26T09:00:00Z,384626.9,7904.7,-844.9,0.027,1.020,0.001
2026-04-26T10:00:00Z,384798.5,7888.0,-841.9,0.027,1.019,0.001
2026-04-26T11:00:00Z,384969.7,7868.2,-838.7,0.027,1.019,0.001
2026-04-26T12:00:00Z,385140.5,7845.4,-835.4,0.027,1.018,0.001
2026-04-26T13:00:00Z,385310.9,7819.6,-832.1,0.026,1.018,0.001
2026-04-26T14:00:00Z,385481.0,7790.8,-828.6,0.026,1.018,0.001
2026-04-26T15:00:00Z,385650.6,7759.0,-825.1,0.026,1.017,0.001
2026-04-26T16:00:00Z,385819.8,7724.2,-821.4,0.026,1.017,0.001
2026-04-26T17:00:00Z,385988.6,7686.4,-817.7,0.026,1.017,0.001
2026-04-26T18:00:00Z,386157.0,7645.7,-813.8,0.026,1.016,0.001
2026-04-26T19:00:00Z,386325.0,7602.0,-809.9,0.026,1.016,0.001
2026-04-26T20:00:00Z,386492.5,7555.4,-805.8,0.026,1.015,0.001
2026-04-26T21:00:00Z,386659.6,7505.8,-801.7,0.026,1.015,0.001
2026-04-26T22:00:00Z,386826.3,7453.4,-797.5,0.026,1.015,0.001
2026-04-26T23:00:00Z,386992.5,7398.0,-793.1,0.026,1.014,0.001
2026-04-27T00:00:00Z,387158.2,7339.7,-788.7,0.026,1.014,0.001
2026-04-27T01:00:00Z,387323.5,7278.6,-784.2,0.026,1.014,0.001
2026-04-27T02:00:00Z,387488.3,7214.5,-779.5,0.027,1.013,0.001
2026-04-27T03:00:00Z,387652.7,7147.6,-774.8,0.027,1.013,0.001
2026-04-27T04:00:00Z,387816.6,7077.9,-770.0,0.027,1.013,0.001
2026-04-27T05:00:00Z,387979.9,7005.3,-765.0,0.027,1.012,0.001
2026-04-27T06:00:00Z,388142.8,6929.9,-760.0,0.027,1.012,0.001
2026-04-27T07:00:00Z,388305.2,6851.7,-754.9,0.027,1.011,0.001
2026-04-27T08:00:00Z,388467.1,6770.7,-749.7,0.027,1.011,0.001
2026-04-27T09:00:00Z,388628.5,6686.9,-744.4,0.027,1.011,0.001
2026-04-27T10:00:00Z,388789.4,6600.3,-739.0,0.027,1.010,0.002
2026-04-27T11:00:00Z,388949.7,6510.9,-733.5,0.027,1.010,0.002
2026-04-27T12:00:00Z,389109.6,6418.8,-727.9,0.027,1.010,0.002
2026-04-27T13:00:00Z,389268.9,6323.9,-722.2,0.027,1.009,0.002
2026-04-27T14:00:00Z,389427.7,6226.3,-716.4,0.027,1.009,0.002
2026-04-27T15:00:00Z,389585.9,6126.0,-710.6,0.028,1.009,0.002
2026-04-27T16:00:00Z,389743.6,6022.9,-704.6,0.028,1.008,0.002
2026-04-27T17:00:00Z,389900.8,5917.2,-698.5,0.028,1.008,0.002
2026-04-27T18:00:00Z,390057.4,5808.7,-692.4,0.028,1.008,0.002
2026-04-27T19:00:00Z,390213.4,5697.6,-686.1,0.028,1.007,0.002
2026-04-27T20:00:00Z,390368.9,5583.8,-679.8,0.028,1.007,0.002
2026-04-27T21:00:00Z,390523.8,5467.3,-673.4,0.028,1.007,0.002
2026-04-27T22:00:00Z,390678.2,5348.2,-666.8,0.029,1.006,0.002
2026-04-27T23:00:00Z,390832.0,5226.5,-660.2,0.029,1.006,0.002
2026-04-28T00:00:00Z,390985.2,5102.1,-653.5,0.029,1.006,0.002
2026-04-28T01:00:00Z,391137.8,4975.2,-646.7,0.029,1.006,0.002
2026-04-28T02:00:00Z,391289.8,4845.6,-639.8,0.029,1.005,0.002
2026-04-28T03:00:00Z,391441.2,4713.4,-632.8,0.029,1.005,0.002
2026-04-28T04:00:00Z,391592.1,4578.6,-625.8,0.030,1.005,0.002
2026-04-28T05:00:00Z,391742.3,4441.3,-618.6,0.030,1.004,0.002
2026-04-28T06:00:00Z,391891.9,4301.4,-611.3,0.030,1.004,0.002
2026-04-28T07:00:00Z,392040.9,4159.0,-604.0,0.030,1.004,0.002
2026-04-28T08:00:00Z,392189.3,4014.0,-596.6,0.030,1.003,0.002
2026-04-28T09:00:00Z,392337.1,3866.5,-589.1,0.031,1.003,0.002
2026-04-28T10:00:00Z,392484.2,3716.4,-581.5,0.031,1.003,0.002
2026-04-28T11:00:00Z,392630.7,3563.9,-573.8,0.031,1.002,0.002
2026-04-28T12:00:00Z,392776.6,3408.9,-566.0,0.031,1.002,0.002
2026-04-28T13:00:00Z,392921.9,3251.3,-558.1,0.032,1.002,0.002
2026-04-28T14:00:00Z,393066.5,3091.3,-550.2,0.032,1.001,0.002
2026-04-28T15:00:00Z,393210.4,2928.8,-542.2,0.032,1.001,0.002
2026-04-28T16:00:00Z,393353.7,2763.9,-534.1,0.032,1.001,0.002
2026-04-28T17:00:00Z,393496.3,2596.5,-525.9,0.033,1.001,0.002
2026-04-28T18:00:00Z,393638.3,2426.7,-517.6,0.033,1.000,0.002
2026-04-28T19:00:00Z,393779.6,2254.4,-509.2,0.033,1.000,0.002
2026-04-28T20:00:00Z,393920.3,2079.8,-500.8,0.033,1.000,0.002
2026-04-28T21:00:00Z,394060.2,1902.7,-492.2,0.034,0.999,0.002
2026-04-28T22:00:00Z,394199.5,1723.2,-483.6,0.034,0.999,0.002
2026-04-28T23:00:00Z,394338.1,1541.4,-474.9,0.034,0.999,0.002
2026-04-29T00:00:00Z,394476.0,1357.1,-466.2,0.035,0.999,0.002
2026-04-29T01:00:00Z,394613.2,1170.5,-457.3,0.035,0.998,0.002
2026-04-29T02:00:00Z,394749.7,981.6,-448.4,0.035,0.998,0.002
2026-04-29T03:00:00Z,394885.5,790.3,-439.4,0.036,0.998,0.003
2026-04-29T04:00:00Z,395020.5,596.6,-430.3,0.036,0.997,0.003
2026-04-29T05:00:00Z,395154.9,400.7,-421.1,0.036,0.997,0.003
2026-04-29T06:00:00Z,395288.5,202.4,-411.9,0.036,0.997,0.003
2026-04-29T07:00:00Z,395421.5,1.8,-402.6,0.037,0.997,0.003
2026-04-29T08:00:00Z,395553.6,-201.1,-393.2,0.037,0.996,0.003
2026-04-29T09:00:00Z,395685.1,-406.3,-383.7,0.037,0.996,0.003
2026-04-29T10:00:00Z,395815.8,-613.8,-374.2,0.038,0.996,0.003
2026-04-29T11:00:00Z,395945.7,-823.5,-364.6,0.038,0.995,0.003
2026-04-29T12:00:00Z,396074.9,-1035.5,-354.9,0.039,0.995,0.003
2026-04-29T13:00:00Z,396203.4,-1249.8,-345.1,0.039,0.995,0.003
2026-04-29T14:00:00Z,396331.0,-1466.3,-335.3,0.039,0.995,0.003
2026-04-29T15:00:00Z,396457.9,-1685.0,-325.4,0.040,0.994,0.003
2026-04-29T16:00:00Z,396584.1,-1906.0,-315.4,0.040,0.994,0.003
2026-04-29T17:00:00Z,396709.4,-2129.1,-305.4,0.040,0.994,0.003
2026-04-29T18:00:00Z,396834.0,-2354.5,-295.3,0.041,0.993,0.003
2026-04-29T19:00:00Z,396957.7,-2582.1,-285.1,0.041,0.993,0.003
2026-04-29T20:00:00Z,397080.7,-2811.8,-274.9,0.042,0.993,0.003
2026-04-29T21:00:00Z,397202.9,-3043.8,-264.6,0.042,0.993,0.003
2026-04-29T22:00:00Z,397324.2,-3277.8,-254.2,0.042,0.992,0.003
2026-04-29T23:00:00Z,397444.7,-3514.1,-243.7,0.043,0.992,0.003
2026-04-30T00:00:00Z,397564.5,-3752.5,-233.2,0.043,0.992,0.003
2026-04-30T01:00:00Z,397683.3,-3993.0,-222.7,0.044,0.991,0.003
2026-04-30T02:00:00Z,397801.4,-4235.7,-212.0,0.044,0.991,0.003
2026-04-30T03:00:00Z,397918.6,-4480.4,-201.3,0.044,0.991,0.003
2026-04-30T04:00:00Z,398034.9,-4727.3,-190.6,0.045,0.991,0.003
2026-04-30T05:00:00Z,398150.4,-4976.3,-179.8,0.045,0.990,0.003
2026-04-30T06:00:00Z,398265.0,-5227.4,-168.9,0.046,0.990,0.003
2026-04-30T07:00:00Z,398378.8,-5480.5,-157.9,0.046,0.990,0.003
2026-04-30T08:00:00Z,398491.6,-5735.8,-147.0,0.046,0.990,0.003
2026-04-30T09:00:00Z,398603.6,-5993.1,-135.9,0.047,0.989,0.003
2026-04-30T10:00:00Z,398714.7,-6252.4,-124.8,0.047,0.989,0.003
2026-04-30T11:00:00Z,398824.9,-6513.8,-113.6,0.048,0.989,0.003
2026-04-30T12:00:00Z,398934.2,-6777.2,-102.4,0.048,0.988,0.003
2026-04-30T13:00:00Z,399042.6,-7042.6,-91.1,0.049,0.988,0.003
2026-04-30T14:00:00Z,399150.1,-7310.0,-79.8,0.049,0.988,0.003
2026-04-30T15:00:00Z,399256.6,-7579.5,-68.4,0.050,0.988,0.003
2026-04-30T16:00:00Z,399362.2,-7850.9,-57.0,0.050,0.987,0.003
2026-04-30T17:00:00Z,399466.9,-8124.3,-45.5,0.051,0.987,0.003
2026-04-30T18:00:00Z,399570.6,-8399.7,-34.0,0.051,0.987,0.003
2026-04-30T19:00:00Z,399673.3,-8677.0,-22.4,0.052,0.987,0.003
2026-04-30T20:00:00Z,399775.1,-8956.3,-10.8,0.052,0.986,0.003
2026-04-30T21:00:00Z,399875.9,-9237.6,0.9,0.052,0.986,0.003
2026-04-30T22:00:00Z,399975.7,-9520.7,12.6,0.053,0.986,0.003
2026-04-30T23:00:00Z,400074.5,-9805.8,24.4,0.053,0.985,0.003
2026-05-01T00:00:00Z,400172.4,-10092.8,36.2,0.054,0.985,0.003
