2026-03-31T00:00:00Z,-373603.0,92289.7,35487.2,-0.296,-0.856,-0.472
2026-03-31T01:00:00Z,-374653.1,89205.3,33788.1,-0.287,-0.858,-0.472
2026-03-31T02:00:00Z,-375669.7,86112.7,32085.9,-0.278,-0.860,-0.473
2026-03-31T03:00:00Z,-376652.6,83012.2,30380.7,-0.268,-0.862,-0.474
2026-03-31T04:00:00Z,-377601.9,79904.1,28672.7,-0.259,-0.864,-0.475
2026-03-31T05:00:00Z,-378517.5,76788.6,26962.0,-0.250,-0.866,-0.476
2026-03-31T06:00:00Z,-379399.2,73666.1,25248.9,-0.240,-0.868,-0.476
2026-03-31T07:00:00Z,-380247.2,70536.8,23533.5,-0.231,-0.870,-0.477
2026-03-31T08:00:00Z,-381061.4,67401.1,21815.8,-0.221,-0.872,-0.477
2026-03-31T09:00:00Z,-381841.7,64259.2,20096.2,-0.212,-0.874,-0.478
2026-03-31T10:00:00Z,-382588.1,61111.4,18374.7,-0.203,-0.875,-0.478
2026-03-31T11:00:00Z,-383300.6,57957.9,16651.6,-0.193,-0.877,-0.479
2026-03-31T12:00:00Z,-383979.1,54799.2,14926.9,-0.184,-0.878,-0.479
2026-03-31T13:00:00Z,-384623.6,51635.5,13200.8,-0.174,-0.879,-0.480
2026-03-31T14:00:00Z,-385234.2,48467.0,11473.4,-0.165,-0.881,-0.480
2026-03-31T15:00:00Z,-385810.7,45294.1,9745.1,-0.155,-0.882,-0.480
2026-03-31T16:00:00Z,-386353.2,42117.0,8015.8,-0.146,-0.883,-0.480
2026-03-31T17:00:00Z,-386861.7,38936.1,6285.7,-0.137,-0.884,-0.481
2026-03-31T18:00:00Z,-387336.1,35751.5,4555.0,-0.127,-0.885,-0.481
2026-03-31T19:00:00Z,-387776.5,32563.7,2823.9,-0.118,-0.886,-0.481
2026-03-31T20:00:00Z,-388182.9,29372.9,1092.5,-0.108,-0.887,-0.481
2026-03-31T21:00:00Z,-388555.2,26179.4,-639.1,-0.099,-0.887,-0.481
2026-03-31T22:00:00Z,-388893.5,22983.4,-2370.6,-0.089,-0.888,-0.481
2026-03-31T23:00:00Z,-389197.8,19785.3,-4102.0,-0.080,-0.889,-0.481
2026-04-01T00:00:00Z,-389468.0,16585.3,-5833.0,-0.070,-0.889,-0.481
2026-04-01T01:00:00Z,-389704.3,13383.8,-7563.6,-0.061,-0.890,-0.481
2026-04-01T02:00:00Z,-389906.6,10180.9,-9293.6,-0.051,-0.890,-0.480
2026-04-01T03:00:00Z,-390074.9,6977.1,-11022.7,-0.042,-0.890,-0.480
2026-04-01T04:00:00Z,-390209.3,3772.5,-12751.0,-0.033,-0.890,-0.480
2026-04-01T05:00:00Z,-390309.8,567.5,-14478.1,-0.023,-0.890,-0.480
2026-04-01T06:00:00Z,-390376.4,-2637.6,-16204.1,-0.014,-0.890,-0.479
2026-04-01T07:00:00Z,-390409.2,-5842.6,-17928.6,-0.004,-0.890,-0.479
2026-04-01T08:00:00Z,-390408.2,-9047.3,-19651.6,0.005,-0.890,-0.478
2026-04-01T09:00:00Z,-390373.4,-12251.2,-21373.0,0.014,-0.890,-0.478
2026-04-01T10:00:00Z,-390304.9,-15454.1,-23092.5,0.024,-0.890,-0.477
2026-04-01T11:00:00Z,-390202.6,-18655.8,-24810.0,0.033,-0.889,-0.477
2026-04-01T12:00:00Z,-390066.8,-21856.0,-26525.4,0.042,-0.889,-0.476
2026-04-01T13:00:00Z,-389897.4,-25054.4,-28238.5,0.052,-0.888,-0.476
2026-04-01T14:00:00Z,-389694.4,-28250.7,-29949.2,0.061,-0.888,-0.475
2026-04-01T15:00:00Z,-389457.9,-31444.6,-31657.3,0.070,-0.887,-0.474
2026-04-01T16:00:00Z,-389188.1,-34635.9,-33362.7,0.080,-0.886,-0.473
2026-04-01T17:00:00Z,-388884.8,-37824.3,-35065.2,0.089,-0.885,-0.473
2026-04-01T18:00:00Z,-388548.3,-41009.5,-36764.7,0.098,-0.884,-0.472
2026-04-01T19:00:00Z,-388178.5,-44191.2,-38461.1,0.107,-0.883,-0.471
2026-04-01T20:00:00Z,-387775.6,-47369.2,-40154.2,0.117,-0.882,-0.470
2026-04-01T21:00:00Z,-387339.6,-50543.2,-41843.8,0.126,-0.881,-0.469
2026-04-01T22:00:00Z,-386870.6,-53713.0,-43529.9,0.135,-0.880,-0.468
2026-04-01T23:00:00Z,-386368.6,-56878.1,-45212.2,0.144,-0.879,-0.467
2026-04-02T00:00:00Z,-385833.8,-60038.5,-46890.7,0.153,-0.877,-0.466
2026-04-02T01:00:00Z,-385266.2,-63193.8,-48565.2,0.162,-0.876,-0.465
2026-04-02T02:00:00Z,-384665.9,-66343.8,-50235.5,0.171,-0.874,-0.463
2026-04-02T03:00:00Z,-384033.0,-69488.1,-51901.5,0.180,-0.873,-0.462
2026-04-02T04:00:00Z,-383367.6,-72626.6,-53563.2,0.189,-0.871,-0.461
2026-04-02T05:00:00Z,-382669.8,-75759.0,-55220.2,0.198,-0.869,-0.460
2026-04-02T06:00:00Z,-381939.6,-78884.9,-56872.6,0.207,-0.867,-0.458
2026-04-02T07:00:00Z,-381177.3,-82004.2,-58520.1,0.216,-0.866,-0.457
2026-04-02T08:00:00Z,-380382.8,-85116.5,-60162.6,0.225,-0.864,-0.456
2026-04-02T09:00:00Z,-379556.2,-88221.7,-61800.1,0.234,-0.862,-0.454
2026-04-02T10:00:00Z,-378697.8,-91319.4,-63432.2,0.243,-0.859,-0.453
2026-04-02T11:00:00Z,-377807.5,-94409.5,-65059.1,0.252,-0.857,-0.451
2026-04-02T12:00:00Z,-376885.5,-97491.5,-66680.4,0.260,-0.855,-0.450
2026-04-02T13:00:00Z,-375932.0,-100565.4,-68296.0,0.269,-0.853,-0.448
2026-04-02T14:00:00Z,-374946.9,-103630.8,-69905.9,0.278,-0.850,-0.446
2026-04-02T15:00:00Z,-373930.5,-106687.6,-71509.9,0.287,-0.848,-0.445
2026-04-02T16:00:00Z,-372882.9,-109735.3,-73107.9,0.295,-0.845,-0.443
2026-04-02T17:00:00Z,-371804.1,-112773.8,-74699.6,0.304,-0.843,-0.441
2026-04-02T18:00:00Z,-370694.3,-115802.9,-76285.1,0.313,-0.840,-0.440
2026-04-02T19:00:00Z,-369553.7,-118822.3,-77864.2,0.321,-0.837,-0.438
2026-04-02T20:00:00Z,-368382.3,-121831.7,-79436.7,0.330,-0.835,-0.436
2026-04-02T21:00:00Z,-367180.3,-124830.9,-81002.6,0.338,-0.832,-0.434
2026-04-02T22:00:00Z,-365947.9,-127819.7,-82561.6,0.347,-0.829,-0.432
2026-04-02T23:00:00Z,-364685.1,-130797.8,-84113.8,0.355,-0.826,-0.430
2026-04-03T00:00:00Z,-363392.1,-133765.0,-85658.8,0.363,-0.823,-0.428
2026-04-03T01:00:00Z,-362069.0,-136721.0,-87196.7,0.372,-0.820,-0.426
2026-04-03T02:00:00Z,-360716.0,-139665.7,-88727.3,0.380,-0.816,-0.424
2026-04-03T03:00:00Z,-359333.2,-142598.6,-90250.5,0.388,-0.813,-0.422
2026-04-03T04:00:00Z,-357920.7,-145519.8,-91766.2,0.396,-0.810,-0.420
2026-04-03T05:00:00Z,-356478.8,-148428.8,-93274.2,0.405,-0.806,-0.418
2026-04-03T06:00:00Z,-355007.6,-151325.5,-94774.4,0.413,-0.803,-0.416
2026-04-03T07:00:00Z,-353507.1,-154209.6,-96266.8,0.421,-0.799,-0.413
2026-04-03T08:00:00Z,-351977.6,-157080.9,-97751.1,0.429,-0.796,-0.411
2026-04-03T09:00:00Z,-350419.3,-159939.2,-99227.3,0.437,-0.792,-0.409
2026-04-03T10:00:00Z,-348832.2,-162784.3,-100695.2,0.445,-0.788,-0.407
2026-04-03T11:00:00Z,-347216.5,-165615.9,-102154.8,0.453,-0.785,-0.404
2026-04-03T12:00:00Z,-345572.5,-168433.8,-103606.0,0.461,-0.781,-0.402
2026-04-03T13:00:00Z,-343900.2,-171237.8,-105048.5,0.468,-0.777,-0.400
2026-04-03T14:00:00Z,-342199.8,-174027.6,-106482.4,0.476,-0.773,-0.397
2026-04-03T15:00:00Z,-340471.5,-176803.1,-107907.4,0.484,-0.769,-0.395
2026-04-03T16:00:00Z,-338715.5,-179564.0,-109323.5,0.492,-0.765,-0.392
2026-04-03T17:00:00Z,-336932.0,-182310.1,-110730.6,0.499,-0.761,-0.390
2026-04-03T18:00:00Z,-335121.0,-185041.2,-112128.6,0.507,-0.757,-0.387
2026-04-03T19:00:00Z,-333282.8,-187757.2,-113517.3,0.514,-0.752,-0.384
2026-04-03T20:00:00Z,-331417.6,-190457.6,-114896.7,0.522,-0.748,-0.382
2026-04-03T21:00:00Z,-329525.5,-193142.5,-116266.6,0.529,-0.744,-0.379
2026-04-03T22:00:00Z,-327606.7,-195811.5,-117627.0,0.537,-0.739,-0.377
2026-04-03T23:00:00Z,-325661.4,-198464.4,-118977.7,0.544,-0.735,-0.374
2026-04-04T00:00:00Z,-323689.8,-201101.1,-120318.7,0.551,-0.730,-0.371
2026-04-04T01:00:00Z,-321692.0,-203721.4,-121649.7,0.559,-0.726,-0.368
2026-04-04T02:00:00Z,-319668.3,-206325.0,-122970.8,0.566,-0.721,-0.366
2026-04-04T03:00:00Z,-317618.8,-208911.7,-124281.9,0.573,-0.716,-0.363
2026-04-04T04:00:00Z,-315543.8,-211481.4,-125582.8,0.580,-0.711,-0.360
2026-04-04T05:00:00Z,-313443.4,-214033.8,-126873.4,0.587,-0.707,-0.357
2026-04-04T06:00:00Z,-311317.7,-216568.7,-128153.6,0.594,-0.702,-0.354
2026-04-04T07:00:00Z,-309167.1,-219086.1,-129423.4,0.601,-0.697,-0.351
2026-04-04T08:00:00Z,-306991.7,-221585.6,-130682.6,0.608,-0.692,-0.348
2026-04-04T09:00:00Z,-304791.7,-224067.0,-131931.2,0.615,-0.687,-0.345
2026-04-04T10:00:00Z,-302567.2,-226530.3,-133169.1,0.621,-0.682,-0.342
2026-04-04T11:00:00Z,-300318.6,-228975.2,-134396.1,0.628,-0.677,-0.339
2026-04-04T12:00:00Z,-298045.9,-231401.4,-135612.2,0.635,-0.671,-0.336
2026-04-04T13:00:00Z,-295749.5,-233809.0,-136817.2,0.641,-0.666,-0.333
2026-04-04T14:00:00Z,-293429.4,-236197.5,-138011.2,0.648,-0.661,-0.330
2026-04-04T15:00:00Z,-291086.0,-238567.0,-139193.9,0.654,-0.656,-0.327
2026-04-04T16:00:00Z,-288719.3,-240917.1,-140365.4,0.661,-0.650,-0.324
2026-04-04T17:00:00Z,-286329.7,-243247.8,-141525.5,0.667,-0.645,-0.321
2026-04-04T18:00:00Z,-283917.3,-245558.7,-142674.2,0.673,-0.639,-0.317
2026-04-04T19:00:00Z,-281482.4,-247849.9,-143811.3,0.679,-0.634,-0.314
2026-04-04T20:00:00Z,-279025.1,-250121.1,-144936.8,0.686,-0.628,-0.311
2026-04-04T21:00:00Z,-276545.7,-252372.1,-146050.6,0.692,-0.622,-0.308
2026-04-04T22:00:00Z,-274044.3,-254602.7,-147152.6,0.698,-0.617,-0.304
2026-04-04T23:00:00Z,-271521.3,-256812.8,-148242.7,0.704,-0.611,-0.301
2026-04-05T00:00:00Z,-268976.8,-259002.3,-149320.9,0.710,-0.605,-0.298
2026-04-05T01:00:00Z,-266411.0,-261170.9,-150387.0,0.716,-0.599,-0.294
2026-04-05T02:00:00Z,-263824.2,-263318.6,-151441.0,0.721,-0.594,-0.291
2026-04-05T03:00:00Z,-261216.5,-265445.0,-152482.9,0.727,-0.588,-0.288
2026-04-05T04:00:00Z,-258588.3,-267550.2,-153512.5,0.733,-0.582,-0.284
2026-04-05T05:00:00Z,-255939.6,-269633.9,-154529.7,0.739,-0.576,-0.281
2026-04-05T06:00:00Z,-253270.8,-271695.9,-155534.6,0.744,-0.570,-0.277
2026-04-05T07:00:00Z,-250582.1,-273736.2,-156526.9,0.750,-0.564,-0.274
2026-04-05T08:00:00Z,-247873.7,-275754.6,-157506.7,0.755,-0.558,-0.270
2026-04-05T09:00:00Z,-245145.8,-277750.9,-158473.9,0.760,-0.551,-0.267
2026-04-05T10:00:00Z,-242398.6,-279724.9,-159428.4,0.766,-0.545,-0.263
2026-04-05T11:00:00Z,-239632.5,-281676.6,-160370.1,0.771,-0.539,-0.260
2026-04-05T12:00:00Z,-236847.5,-283605.8,-161299.0,0.776,-0.533,-0.256
2026-04-05T13:00:00Z,-234044.0,-285512.3,-162215.0,0.781,-0.526,-0.253
2026-04-05T14:00:00Z,-231222.1,-287396.0,-163118.0,0.786,-0.520,-0.249
2026-04-05T15:00:00Z,-228382.2,-289256.8,-164007.9,0.791,-0.514,-0.245
2026-04-05T16:00:00Z,-225524.4,-291094.5,-164884.8,0.796,-0.507,-0.242
2026-04-05T17:00:00Z,-222649.0,-292909.0,-165748.5,0.801,-0.501,-0.238
2026-04-05T18:00:00Z,-219756.3,-294700.1,-166599.0,0.806,-0.494,-0.234
2026-04-05T19:00:00Z,-216846.3,-296467.8,-167436.2,0.811,-0.488,-0.231
2026-04-05T20:00:00Z,-213919.5,-298211.8,-168260.1,0.815,-0.481,-0.227
2026-04-05T21:00:00Z,-210976.0,-299932.1,-169070.5,0.820,-0.475,-0.223
2026-04-05T22:00:00Z,-208016.1,-301628.6,-169867.5,0.824,-0.468,-0.220
2026-04-05T23:00:00Z,-205040.0,-303301.1,-170650.9,0.829,-0.461,-0.216
2026-04-06T00:00:00Z,-202047.9,-304949.4,-171420.8,0.833,-0.455,-0.212
2026-04-06T01:00:00Z,-199040.2,-306573.6,-172177.1,0.838,-0.448,-0.208
2026-04-06T02:00:00Z,-196016.9,-308173.4,-172919.6,0.842,-0.441,-0.204
2026-04-06T03:00:00Z,-192978.5,-309748.7,-173648.4,0.846,-0.434,-0.201
2026-04-06T04:00:00Z,-189925.1,-311299.4,-174363.4,0.850,-0.427,-0.197
2026-04-06T05:00:00Z,-186857.0,-312825.4,-175064.6,0.854,-0.420,-0.193
2026-04-06T06:00:00Z,-183774.4,-314326.6,-175751.8,0.858,-0.414,-0.189
2026-04-06T07:00:00Z,-180677.6,-315802.9,-176425.2,0.862,-0.407,-0.185
2026-04-06T08:00:00Z,-177566.8,-317254.2,-177084.5,0.866,-0.400,-0.181
2026-04-06T09:00:00Z,-174442.2,-318680.3,-177729.7,0.870,-0.393,-0.177
2026-04-06T10:00:00Z,-171304.2,-320081.2,-178360.9,0.874,-0.386,-0.173
2026-04-06T11:00:00Z,-168153.0,-321456.7,-178977.9,0.877,-0.379,-0.169
2026-04-06T12:00:00Z,-164988.7,-322806.8,-179580.8,0.881,-0.371,-0.165
2026-04-06T13:00:00Z,-161811.8,-324131.3,-180169.4,0.884,-0.364,-0.162
2026-04-06T14:00:00Z,-158622.3,-325430.1,-180743.8,0.888,-0.357,-0.158
2026-04-06T15:00:00Z,-155420.7,-326703.2,-181303.8,0.891,-0.350,-0.154
2026-04-06T16:00:00Z,-152207.1,-327950.5,-181849.5,0.894,-0.343,-0.150
2026-04-06T17:00:00Z,-148981.7,-329171.8,-182380.7,0.898,-0.336,-0.146
2026-04-06T18:00:00Z,-145744.9,-330367.1,-182897.6,0.901,-0.328,-0.142
2026-04-06T19:00:00Z,-142496.9,-331536.3,-183400.0,0.904,-0.321,-0.138
2026-04-06T20:00:00Z,-139238.0,-332679.2,-183887.8,0.907,-0.314,-0.133
2026-04-06T21:00:00Z,-135968.3,-333795.9,-184361.2,0.910,-0.307,-0.129
2026-04-06T22:00:00Z,-132688.2,-334886.2,-184819.9,0.913,-0.299,-0.125
2026-04-06T23:00:00Z,-129398.0,-335950.0,-185264.0,0.915,-0.292,-0.121
2026-04-07T00:00:00Z,-126097.8,-336987.3,-185693.5,0.918,-0.284,-0.117
2026-04-07T01:00:00Z,-122788.0,-337997.9,-186108.3,0.921,-0.277,-0.113
2026-04-07T02:00:00Z,-119468.8,-338981.9,-186508.3,0.923,-0.270,-0.109
2026-04-07T03:00:00Z,-116140.4,-339939.1,-186893.7,0.926,-0.262,-0.105
2026-04-07T04:00:00Z,-112803.2,-340869.4,-187264.2,0.928,-0.255,-0.101
2026-04-07T05:00:00Z,-109457.3,-341772.8,-187620.0,0.931,-0.247,-0.097
2026-04-07T06:00:00Z,-106103.1,-342649.2,-187960.9,0.933,-0.240,-0.093
2026-04-07T07:00:00Z,-102740.8,-343498.5,-188287.0,0.935,-0.232,-0.089
2026-04-07T08:00:00Z,-99370.7,-344320.7,-188598.1,0.937,-0.225,-0.084
2026-04-07T09:00:00Z,-95993.0,-345115.7,-188894.4,0.939,-0.217,-0.080
2026-04-07T10:00:00Z,-92608.0,-345883.4,-189175.8,0.941,-0.209,-0.076
2026-04-07T11:00:00Z,-89215.9,-346623.8,-189442.1,0.943,-0.202,-0.072
2026-04-07T12:00:00Z,-85817.1,-347336.8,-189693.5,0.945,-0.194,-0.068
2026-04-07T13:00:00Z,-82411.8,-348022.4,-189930.0,0.947,-0.187,-0.064
2026-04-07T14:00:00Z,-79000.2,-348680.5,-190151.4,0.949,-0.179,-0.059
2026-04-07T15:00:00Z,-75582.7,-349311.0,-190357.7,0.950,-0.171,-0.055
2026-04-07T16:00:00Z,-72159.4,-349913.9,-190549.0,0.952,-0.164,-0.051
2026-04-07T17:00:00Z,-68730.7,-350489.1,-190725.2,0.953,-0.156,-0.047
2026-04-07T18:00:00Z,-65296.8,-351036.7,-190886.4,0.955,-0.148,-0.043
2026-04-07T19:00:00Z,-61858.0,-351556.5,-191032.4,0.956,-0.141,-0.038
2026-04-07T20:00:00Z,-58414.6,-352048.4,-191163.3,0.957,-0.133,-0.034
2026-04-07T21:00:00Z,-54966.8,-352512.5,-191279.1,0.958,-0.125,-0.030
2026-04-07T22:00:00Z,-51514.9,-352948.8,-191379.8,0.959,-0.117,-0.026
2026-04-07T23:00:00Z,-48059.1,-353357.1,-191465.2,0.960,-0.110,-0.022
2026-04-08T00:00:00Z,-44599.8,-353737.4,-191535.6,0.961,-0.102,-0.017
2026-04-08T01:00:00Z,-41137.2,-354089.7,-191590.7,0.962,-0.094,-0.013
2026-04-08T02:00:00Z,-37671.5,-354413.9,-191630.7,0.963,-0.086,-0.009
2026-04-08T03:00:00Z,-34203.1,-354710.1,-191655.5,0.964,-0.078,-0.005
2026-04-08T04:00:00Z,-30732.2,-354978.2,-191665.0,0.964,-0.071,-0.001
2026-04-08T05:00:00Z,-27259.1,-355218.1,-191659.4,0.965,-0.063,0.004
2026-04-08T06:00:00Z,-23784.0,-355429.8,-191638.6,0.966,-0.055,0.008
2026-04-08T07:00:00Z,-20307.3,-355613.4,-191602.5,0.966,-0.047,0.012
2026-04-08T08:00:00Z,-16829.1,-355768.7,-191551.3,0.966,-0.039,0.016
2026-04-08T09:00:00Z,-13349.8,-355895.8,-191484.8,0.967,-0.031,0.021
2026-04-08T10:00:00Z,-9869.7,-355994.6,-191403.1,0.967,-0.024,0.025
2026-04-08T11:00:00Z,-6389.0,-356065.1,-191306.2,0.967,-0.016,0.029
2026-04-08T12:00:00Z,-2907.9,-356107.3,-191194.0,0.967,-0.008,0.033
2026-04-08T13:00:00Z,573.2,-356121.1,-191066.7,0.967,0.000,0.037
2026-04-08T14:00:00Z,4054.0,-356106.7,-190924.2,0.967,0.008,0.042
2026-04-08T15:00:00Z,7534.4,-356063.9,-190766.4,0.967,0.016,0.046
2026-04-08T16:00:00Z,11014.0,-355992.7,-190593.4,0.966,0.024,0.050
2026-04-08T17:00:00Z,14492.5,-355893.1,-190405.3,0.966,0.032,0.054
2026-04-08T18:00:00Z,17969.7,-355765.2,-190201.9,0.966,0.039,0.059
2026-04-08T19:00:00Z,21445.3,-355608.9,-189983.4,0.965,0.047,0.063
2026-04-08T20:00:00Z,24919.0,-355424.2,-189749.7,0.965,0.055,0.067
2026-04-08T21:00:00Z,28390.6,-355211.1,-189500.9,0.964,0.063,0.071
2026-04-08T22:00:00Z,31859.8,-354969.6,-189236.9,0.963,0.071,0.075
2026-04-08T23:00:00Z,35326.3,-354699.8,-188957.7,0.963,0.079,0.080
2026-04-09T00:00:00Z,38789.8,-354401.5,-188663.5,0.962,0.087,0.084
2026-04-09T01:00:00Z,42250.0,-354074.9,-188354.1,0.961,0.095,0.088
2026-04-09T02:00:00Z,45706.8,-353719.9,-188029.6,0.960,0.103,0.092
2026-04-09T03:00:00Z,49159.7,-353336.5,-187690.1,0.959,0.110,0.096
2026-04-09T04:00:00Z,52608.6,-352924.8,-187335.4,0.957,0.118,0.101
2026-04-09T05:00:00Z,56053.1,-352484.7,-186965.8,0.956,0.126,0.105
2026-04-09T06:00:00Z,59493.0,-352016.4,-186581.1,0.955,0.134,0.109
2026-04-09T07:00:00Z,62928.0,-351519.7,-186181.4,0.953,0.142,0.113
2026-04-09T08:00:00Z,66357.8,-350994.7,-185766.7,0.952,0.150,0.117
2026-04-09T09:00:00Z,69782.2,-350441.4,-185337.0,0.950,0.158,0.121
2026-04-09T10:00:00Z,73200.9,-349860.0,-184892.4,0.949,0.165,0.126
2026-04-09T11:00:00Z,76613.5,-349250.2,-184432.9,0.947,0.173,0.130
2026-04-09T12:00:00Z,80019.9,-348612.3,-183958.5,0.945,0.181,0.134
2026-04-09T13:00:00Z,83419.7,-347946.2,-183469.2,0.943,0.189,0.138
2026-04-09T14:00:00Z,86812.7,-347252.0,-182965.1,0.942,0.197,0.142
2026-04-09T15:00:00Z,90198.6,-346529.7,-182446.2,0.940,0.205,0.146
2026-04-09T16:00:00Z,93577.2,-345779.3,-181912.5,0.937,0.212,0.150
2026-04-09T17:00:00Z,96948.0,-345000.8,-181364.0,0.935,0.220,0.154
2026-04-09T18:00:00Z,100311.0,-344194.3,-180800.8,0.933,0.228,0.158
2026-04-09T19:00:00Z,103665.7,-343359.9,-180223.0,0.931,0.236,0.163
2026-04-09T20:00:00Z,107012.0,-342497.6,-179630.4,0.928,0.243,0.167
2026-04-09T21:00:00Z,110349.5,-341607.4,-179023.3,0.926,0.251,0.171
2026-04-09T22:00:00Z,113677.9,-340689.3,-178401.5,0.923,0.259,0.175
2026-04-09T23:00:00Z,116997.1,-339743.5,-177765.2,0.921,0.267,0.179
2026-04-10T00:00:00Z,120306.6,-338769.9,-177114.4,0.918,0.274,0.183
2026-04-10T01:00:00Z,123606.4,-337768.6,-176449.1,0.915,0.282,0.187
2026-04-10T02:00:00Z,126895.9,-336739.7,-175769.4,0.912,0.290,0.191
2026-04-10T03:00:00Z,130175.1,-335683.2,-175075.3,0.909,0.297,0.195
2026-04-10T04:00:00Z,133443.6,-334599.2,-174366.8,0.906,0.305,0.199
2026-04-10T05:00:00Z,136701.1,-333487.7,-173644.0,0.903,0.313,0.203
2026-04-10T06:00:00Z,139947.4,-332348.8,-172906.9,0.900,0.320,0.207
2026-04-10T07:00:00Z,143182.2,-331182.6,-172155.6,0.897,0.328,0.211
2026-04-10T08:00:00Z,146405.2,-329989.1,-171390.2,0.894,0.335,0.215
2026-04-10T09:00:00Z,149616.1,-328768.3,-170610.6,0.890,0.343,0.219
2026-04-10T10:00:00Z,152814.7,-327520.5,-169816.9,0.887,0.350,0.222
2026-04-10T11:00:00Z,156000.7,-326245.5,-169009.1,0.883,0.358,0.226
2026-04-10T12:00:00Z,159173.8,-324943.6,-168187.4,0.880,0.365,0.230
2026-04-10T13:00:00Z,162333.8,-323614.7,-167351.8,0.876,0.373,0.234
2026-04-10T14:00:00Z,165480.3,-322259.0,-166502.3,0.872,0.380,0.238
2026-04-10T15:00:00Z,168613.2,-320876.6,-165638.9,0.868,0.388,0.242
2026-04-10T16:00:00Z,171732.1,-319467.4,-164761.8,0.864,0.395,0.246
2026-04-10T17:00:00Z,174836.7,-318031.6,-163870.9,0.860,0.403,0.249
2026-04-10T18:00:00Z,177926.8,-316569.3,-162966.4,0.856,0.410,0.253
2026-04-10T19:00:00Z,181002.2,-315080.6,-162048.3,0.852,0.417,0.257
2026-04-10T20:00:00Z,184062.4,-313565.5,-161116.6,0.848,0.425,0.261
2026-04-10T21:00:00Z,187107.4,-312024.2,-160171.4,0.844,0.432,0.264
2026-04-10T22:00:00Z,190136.7,-310456.7,-159212.8,0.839,0.439,0.268
2026-04-10T23:00:00Z,193150.2,-308863.1,-158240.9,0.835,0.446,0.272
2026-04-11T00:00:00Z,196147.6,-307243.6,-157255.6,0.830,0.453,0.276
2026-04-11T01:00:00Z,199128.5,-305598.2,-156257.1,0.826,0.461,0.279
2026-04-11T02:00:00Z,202092.8,-303927.1,-155245.5,0.821,0.468,0.283
2026-04-11T03:00:00Z,205040.1,-302230.3,-154220.7,0.816,0.475,0.286
2026-04-11T04:00:00Z,207970.2,-300507.9,-153182.9,0.812,0.482,0.290
2026-04-11T05:00:00Z,210882.8,-298760.1,-152132.1,0.807,0.489,0.294
2026-04-11T06:00:00Z,213777.7,-296986.9,-151068.5,0.802,0.496,0.297
2026-04-11T07:00:00Z,216654.6,-295188.6,-149992.0,0.797,0.503,0.301
2026-04-11T08:00:00Z,219513.1,-293365.1,-148902.7,0.791,0.510,0.304
2026-04-11T09:00:00Z,222353.2,-291516.6,-147800.8,0.786,0.517,0.308
2026-04-11T10:00:00Z,225174.4,-289643.3,-146686.2,0.781,0.524,0.311
2026-04-11T11:00:00Z,227976.6,-287745.2,-145559.2,0.776,0.531,0.315
2026-04-11T12:00:00Z,230759.4,-285822.4,-144419.6,0.770,0.537,0.318
2026-04-11T13:00:00Z,233522.6,-283875.2,-143267.7,0.765,0.544,0.322
2026-04-11T14:00:00Z,236266.0,-281903.6,-142103.5,0.759,0.551,0.325
2026-04-11T15:00:00Z,238989.2,-279907.8,-140927.1,0.754,0.558,0.328
2026-04-11T16:00:00Z,241692.1,-277887.8,-139738.6,0.748,0.564,0.332
2026-04-11T17:00:00Z,244374.3,-275843.9,-138537.9,0.742,0.571,0.335
2026-04-11T18:00:00Z,247035.6,-273776.1,-137325.4,0.736,0.578,0.338
2026-04-11T19:00:00Z,249675.8,-271684.7,-136100.9,0.730,0.584,0.342
2026-04-11T20:00:00Z,252294.5,-269569.7,-134864.7,0.724,0.591,0.345
2026-04-11T21:00:00Z,254891.5,-267431.2,-133616.7,0.718,0.597,0.348
2026-04-11T22:00:00Z,257466.7,-265269.5,-132357.1,0.712,0.604,0.351
2026-04-11T23:00:00Z,260019.6,-263084.7,-131086.0,0.706,0.610,0.355
2026-04-12T00:00:00Z,262550.1,-260876.9,-129803.5,0.700,0.616,0.358
2026-04-12T01:00:00Z,265057.9,-258646.3,-128509.6,0.693,0.623,0.361
2026-04-12T02:00:00Z,267542.7,-256393.1,-127204.4,0.687,0.629,0.364
2026-04-12T03:00:00Z,270004.4,-254117.3,-125888.1,0.681,0.635,0.367
2026-04-12T04:00:00Z,272442.6,-251819.2,-124560.7,0.674,0.641,0.370
2026-04-12T05:00:00Z,274857.1,-249499.0,-123222.4,0.667,0.648,0.373
2026-04-12T06:00:00Z,277247.6,-247156.7,-121873.2,0.661,0.654,0.376
2026-04-12T07:00:00Z,279614.0,-244792.6,-120513.2,0.654,0.660,0.379
2026-04-12T08:00:00Z,281955.9,-242406.7,-119142.6,0.647,0.666,0.382
2026-04-12T09:00:00Z,284273.1,-239999.4,-117761.4,0.640,0.672,0.385
2026-04-12T10:00:00Z,286565.4,-237570.8,-116369.7,0.633,0.678,0.388
2026-04-12T11:00:00Z,288832.5,-235121.0,-114967.7,0.626,0.683,0.391
2026-04-12T12:00:00Z,291074.2,-232650.3,-113555.4,0.619,0.689,0.394
2026-04-12T13:00:00Z,293290.3,-230158.7,-112133.0,0.612,0.695,0.397
2026-04-12T14:00:00Z,295480.4,-227646.5,-110700.6,0.605,0.701,0.399
2026-04-12T15:00:00Z,297644.4,-225114.0,-109258.2,0.597,0.706,0.402
2026-04-12T16:00:00Z,299782.1,-222561.1,-107806.0,0.590,0.712,0.405
2026-04-12T17:00:00Z,301893.1,-219988.3,-106344.1,0.583,0.717,0.407
2026-04-12T18:00:00Z,303977.3,-217395.6,-104872.6,0.575,0.723,0.410
2026-04-12T19:00:00Z,306034.5,-214783.2,-103391.7,0.568,0.728,0.413
2026-04-12T20:00:00Z,308064.3,-212151.4,-101901.4,0.560,0.734,0.415
2026-04-12T21:00:00Z,310066.6,-209500.3,-100401.8,0.552,0.739,0.418
2026-04-12T22:00:00Z,312041.1,-206830.2,-98893.1,0.545,0.744,0.420
2026-04-12T23:00:00Z,313987.7,-204141.3,-97375.4,0.537,0.750,0.423
2026-04-13T00:00:00Z,315906.0,-201433.7,-95848.9,0.529,0.755,0.425
2026-04-13T01:00:00Z,317795.9,-198707.6,-94313.5,0.521,0.760,0.428
2026-04-13T02:00:00Z,319657.2,-195963.4,-92769.6,0.513,0.765,0.430
2026-04-13T03:00:00Z,321489.6,-193201.2,-91217.1,0.505,0.770,0.432
2026-04-13T04:00:00Z,323292.9,-190421.1,-89656.2,0.497,0.775,0.435
2026-04-13T05:00:00Z,325066.8,-187623.6,-88087.0,0.489,0.780,0.437
2026-04-13T06:00:00Z,326811.3,-184808.6,-86509.7,0.480,0.784,0.439
2026-04-13T07:00:00Z,328526.0,-181976.6,-84924.5,0.472,0.789,0.441
2026-04-13T08:00:00Z,330210.8,-179127.7,-83331.3,0.464,0.794,0.444
2026-04-13T09:00:00Z,331865.4,-176262.1,-81730.4,0.455,0.798,0.446
2026-04-13T10:00:00Z,333489.6,-173380.1,-80121.9,0.447,0.803,0.448
2026-04-13T11:00:00Z,335083.3,-170481.9,-78505.9,0.438,0.807,0.450
2026-04-13T12:00:00Z,336646.2,-167567.8,-76882.5,0.430,0.812,0.452
2026-04-13T13:00:00Z,338178.2,-164637.9,-75252.0,0.421,0.816,0.454
2026-04-13T14:00:00Z,339678.9,-161692.6,-73614.3,0.413,0.820,0.456
2026-04-13T15:00:00Z,341148.3,-158732.1,-71969.8,0.404,0.824,0.458
2026-04-13T16:00:00Z,342586.2,-155756.5,-70318.4,0.395,0.829,0.460
2026-04-13T17:00:00Z,343992.2,-152766.3,-68660.5,0.386,0.833,0.461
2026-04-13T18:00:00Z,345366.4,-149761.5,-66996.0,0.377,0.837,0.463
2026-04-13T19:00:00Z,346708.4,-146742.5,-65325.1,0.368,0.841,0.465
2026-04-13T20:00:00Z,348018.1,-143709.6,-63648.0,0.359,0.844,0.467
2026-04-13T21:00:00Z,349295.2,-140662.9,-61964.9,0.350,0.848,0.468
2026-04-13T22:00:00Z,350539.7,-137602.8,-60275.8,0.341,0.852,0.470
2026-04-13T23:00:00Z,351751.4,-134529.5,-58581.0,0.332,0.856,0.472
2026-04-14T00:00:00Z,352930.0,-131443.3,-56880.5,0.323,0.859,0.473
2026-04-14T01:00:00Z,354075.4,-128344.4,-55174.5,0.314,0.863,0.475
2026-04-14T02:00:00Z,355187.4,-125233.1,-53463.2,0.304,0.866,0.476
2026-04-14T03:00:00Z,356265.8,-122109.7,-51746.8,0.295,0.869,0.477
2026-04-14T04:00:00Z,357310.6,-118974.5,-50025.3,0.286,0.873,0.479
2026-04-14T05:00:00Z,358321.5,-115827.7,-48299.0,0.276,0.876,0.480
2026-04-14T06:00:00Z,359298.3,-112669.6,-46567.9,0.267,0.879,0.481
2026-04-14T07:00:00Z,360241.0,-109500.5,-44832.3,0.257,0.882,0.483
2026-04-14T08:00:00Z,361149.3,-106320.7,-43092.4,0.248,0.885,0.484
2026-04-14T09:00:00Z,362023.1,-103130.5,-41348.1,0.238,0.888,0.485
2026-04-14T10:00:00Z,362862.2,-99930.1,-39599.8,0.228,0.890,0.486
2026-04-14T11:00:00Z,363666.6,-96719.9,-37847.6,0.219,0.893,0.487
2026-04-14T12:00:00Z,364436.0,-93500.0,-36091.7,0.209,0.896,0.488
2026-04-14T13:00:00Z,365170.4,-90271.0,-34332.1,0.199,0.898,0.489
2026-04-14T14:00:00Z,365869.5,-87032.9,-32569.2,0.189,0.901,0.490
2026-04-14T15:00:00Z,366533.3,-83786.2,-30802.9,0.179,0.903,0.491
2026-04-14T16:00:00Z,367161.6,-80531.1,-29033.6,0.170,0.905,0.492
2026-04-14T17:00:00Z,367754.4,-77267.9,-27261.4,0.160,0.908,0.493
2026-04-14T18:00:00Z,368311.4,-73997.0,-25486.4,0.150,0.910,0.493
2026-04-14T19:00:00Z,368832.5,-70718.5,-23708.8,0.140,0.912,0.494
2026-04-14T20:00:00Z,369317.7,-67433.0,-21928.8,0.130,0.914,0.495
2026-04-14T21:00:00Z,369766.8,-64140.6,-20146.6,0.120,0.915,0.495
2026-04-14T22:00:00Z,370179.8,-60841.6,-18362.2,0.110,0.917,0.496
2026-04-14T23:00:00Z,370556.4,-57536.5,-16576.0,0.100,0.919,0.496
2026-04-15T00:00:00Z,370896.7,-54225.4,-14788.1,0.089,0.921,0.497
2026-04-15T01:00:00Z,371200.4,-50908.8,-12998.6,0.079,0.922,0.497
2026-04-15T02:00:00Z,371467.6,-47586.9,-11207.7,0.069,0.923,0.498
2026-04-15T03:00:00Z,371698.1,-44260.0,-9415.7,0.059,0.925,0.498
2026-04-15T04:00:00Z,371891.8,-40928.6,-7622.6,0.049,0.926,0.498
2026-04-15T05:00:00Z,372048.7,-37592.8,-5828.6,0.038,0.927,0.498
2026-04-15T06:00:00Z,372168.6,-34253.1,-4034.0,0.028,0.928,0.499
2026-04-15T07:00:00Z,372251.5,-30909.7,-2238.9,0.018,0.929,0.499
2026-04-15T08:00:00Z,372297.3,-27563.0,-443.5,0.008,0.930,0.499
2026-04-15T09:00:00Z,372306.0,-24213.4,1352.0,-0.003,0.931,0.499
2026-04-15T10:00:00Z,372277.4,-20861.1,3147.5,-0.013,0.932,0.499
2026-04-15T11:00:00Z,372211.6,-17506.4,4942.8,-0.023,0.932,0.499
2026-04-15T12:00:00Z,372108.4,-14149.9,6737.6,-0.034,0.933,0.498
2026-04-15T13:00:00Z,371967.8,-10791.6,8531.8,-0.044,0.933,0.498
2026-04-15T14:00:00Z,371789.8,-7432.1,10325.3,-0.055,0.933,0.498
2026-04-15T15:00:00Z,371574.3,-4071.6,12117.8,-0.065,0.934,0.498
2026-04-15T16:00:00Z,371321.2,-710.5,13909.1,-0.076,0.934,0.497
2026-04-15T17:00:00Z,371030.6,2650.9,15699.1,-0.086,0.934,0.497
2026-04-15T18:00:00Z,370702.4,6012.2,17487.6,-0.096,0.934,0.497
2026-04-15T19:00:00Z,370336.5,9373.1,19274.3,-0.107,0.933,0.496
2026-04-15T20:00:00Z,369933.0,12733.2,21059.2,-0.117,0.933,0.496
2026-04-15T21:00:00Z,369491.8,16092.3,22842.0,-0.128,0.933,0.495
2026-04-15T22:00:00Z,369012.9,19449.8,24622.5,-0.138,0.932,0.494
2026-04-15T23:00:00Z,368496.3,22805.6,26400.6,-0.149,0.932,0.494
2026-04-16T00:00:00Z,367942.1,26159.2,28176.0,-0.159,0.931,0.493
2026-04-16T01:00:00Z,367350.1,29510.4,29948.6,-0.170,0.930,0.492
2026-04-16T02:00:00Z,366720.3,32858.6,31718.2,-0.180,0.930,0.491
2026-04-16T03:00:00Z,366052.9,36203.7,33484.5,-0.191,0.929,0.490
2026-04-16T04:00:00Z,365347.8,39545.2,35247.5,-0.201,0.928,0.489
2026-04-16T05:00:00Z,364605.0,42882.8,37006.8,-0.212,0.927,0.488
2026-04-16T06:00:00Z,363824.6,46216.1,38762.4,-0.222,0.925,0.487
2026-04-16T07:00:00Z,363006.5,49544.8,40514.0,-0.232,0.924,0.486
2026-04-16T08:00:00Z,362150.8,52868.5,42261.5,-0.243,0.923,0.485
2026-04-16T09:00:00Z,361257.6,56186.8,44004.6,-0.253,0.921,0.484
2026-04-16T10:00:00Z,360326.8,59499.5,45743.2,-0.264,0.919,0.482
2026-04-16T11:00:00Z,359358.6,62806.1,47477.0,-0.274,0.918,0.481
2026-04-16T12:00:00Z,358352.9,66106.3,49206.0,-0.285,0.916,0.480
2026-04-16T13:00:00Z,357309.8,69399.8,50929.8,-0.295,0.914,0.478
2026-04-16T14:00:00Z,356229.4,72686.1,52648.4,-0.305,0.912,0.477
2026-04-16T15:00:00Z,355111.7,75964.9,54361.4,-0.316,0.910,0.475
2026-04-16T16:00:00Z,353956.8,79235.9,56068.8,-0.326,0.907,0.473
2026-04-16T17:00:00Z,352764.8,82498.7,57770.3,-0.336,0.905,0.472
2026-04-16T18:00:00Z,351535.8,85753.0,59465.8,-0.347,0.903,0.470
2026-04-16T19:00:00Z,350269.8,88998.3,61155.0,-0.357,0.900,0.468
2026-04-16T20:00:00Z,348966.9,92234.4,62837.8,-0.367,0.898,0.467
2026-04-16T21:00:00Z,347627.2,95460.8,64514.0,-0.377,0.895,0.465
2026-04-16T22:00:00Z,346250.8,98677.2,66183.4,-0.387,0.892,0.463
2026-04-16T23:00:00Z,344837.9,101883.3,67845.8,-0.398,0.889,0.461
2026-04-17T00:00:00Z,343388.4,105078.8,69501.0,-0.408,0.886,0.459
2026-04-17T01:00:00Z,341902.6,108263.1,71148.9,-0.418,0.883,0.457
2026-04-17T02:00:00Z,340380.5,111436.1,72789.2,-0.428,0.880,0.455
2026-04-17T03:00:00Z,338822.3,114597.2,74421.7,-0.438,0.876,0.452
2026-04-17T04:00:00Z,337228.1,117746.3,76046.4,-0.448,0.873,0.450
2026-04-17T05:00:00Z,335597.9,120882.9,77662.9,-0.458,0.870,0.448
2026-04-17T06:00:00Z,333932.1,124006.6,79271.2,-0.468,0.866,0.446
2026-04-17T07:00:00Z,332230.6,127117.2,80871.0,-0.478,0.862,0.443
2026-04-17T08:00:00Z,330493.7,130214.3,82462.1,-0.487,0.858,0.441
2026-04-17T09:00:00Z,328721.4,133297.5,84044.4,-0.497,0.854,0.438
2026-04-17T10:00:00Z,326914.0,136366.4,85617.7,-0.507,0.850,0.436
2026-04-17T11:00:00Z,325071.6,139420.8,87181.8,-0.517,0.846,0.433
2026-04-17T12:00:00Z,323194.4,142460.3,88736.5,-0.526,0.842,0.431
2026-04-17T13:00:00Z,321282.5,145484.5,90281.7,-0.536,0.838,0.428
2026-04-17T14:00:00Z,319336.1,148493.1,91817.1,-0.545,0.834,0.425
2026-04-17T15:00:00Z,317355.4,151485.7,93342.6,-0.555,0.829,0.422
2026-04-17T16:00:00Z,315340.6,154462.1,94858.1,-0.564,0.824,0.420
2026-04-17T17:00:00Z,313291.9,157421.8,96363.3,-0.574,0.820,0.417
2026-04-17T18:00:00Z,311209.4,160364.6,97858.0,-0.583,0.815,0.414
2026-04-17T19:00:00Z,309093.3,163290.0,99342.2,-0.592,0.810,0.411
2026-04-17T20:00:00Z,306943.9,166197.8,100815.6,-0.602,0.805,0.408
2026-04-17T21:00:00Z,304761.4,169087.6,102278.0,-0.611,0.800,0.405
2026-04-17T22:00:00Z,302546.0,171959.1,103729.3,-0.620,0.795,0.402
2026-04-17T23:00:00Z,300297.8,174812.0,105169.4,-0.629,0.790,0.398
2026-04-18T00:00:00Z,298017.2,177646.0,106598.0,-0.638,0.785,0.395
2026-04-18T01:00:00Z,295704.3,180460.6,108015.0,-0.647,0.779,0.392
2026-04-18T02:00:00Z,293359.4,183255.6,109420.2,-0.656,0.774,0.389
2026-04-18T03:00:00Z,290982.6,186030.8,110813.5,-0.665,0.768,0.385
2026-04-18T04:00:00Z,288574.4,188785.6,112194.7,-0.673,0.762,0.382
2026-04-18T05:00:00Z,286134.8,191519.9,113563.6,-0.682,0.757,0.379
2026-04-18T06:00:00Z,283664.1,194233.3,114920.1,-0.691,0.751,0.375
2026-04-18T07:00:00Z,281162.7,196925.5,116264.0,-0.699,0.745,0.372
2026-04-18T08:00:00Z,278630.7,199596.3,117595.2,-0.708,0.739,0.368
2026-04-18T09:00:00Z,276068.4,202245.2,118913.5,-0.716,0.733,0.364
2026-04-18T10:00:00Z,273476.1,204872.0,120218.8,-0.724,0.727,0.361
2026-04-18T11:00:00Z,270854.0,207476.4,121510.9,-0.732,0.720,0.357
2026-04-18T12:00:00Z,268202.5,210058.0,122789.6,-0.741,0.714,0.353
2026-04-18T13:00:00Z,265521.7,212616.7,124054.9,-0.749,0.708,0.350
2026-04-18T14:00:00Z,262812.1,215152.1,125306.6,-0.757,0.701,0.346
2026-04-18T15:00:00Z,260073.8,217663.9,126544.4,-0.765,0.694,0.342
2026-04-18T16:00:00Z,257307.2,220151.8,127768.4,-0.772,0.688,0.338
2026-04-18T17:00:00Z,254512.5,222615.5,128978.3,-0.780,0.681,0.334
2026-04-18T18:00:00Z,251690.1,225054.8,130174.0,-0.788,0.674,0.330
2026-04-18T19:00:00Z,248840.2,227469.3,131355.3,-0.795,0.667,0.326
2026-04-18T20:00:00Z,245963.2,229858.9,132522.2,-0.803,0.660,0.322
2026-04-18T21:00:00Z,243059.4,232223.2,133674.5,-0.810,0.653,0.318
2026-04-18T22:00:00Z,240129.1,234562.0,134812.0,-0.818,0.646,0.314
2026-04-18T23:00:00Z,237172.5,236874.9,135934.7,-0.825,0.639,0.310
2026-04-19T00:00:00Z,234190.1,239161.8,137042.4,-0.832,0.632,0.306
2026-04-19T01:00:00Z,231182.2,241422.4,138135.0,-0.839,0.624,0.301
2026-04-19T02:00:00Z,228149.0,243656.3,139212.4,-0.846,0.617,0.297
2026-04-19T03:00:00Z,225091.0,245863.5,140274.3,-0.853,0.609,0.293
2026-04-19T04:00:00Z,222008.3,248043.5,141320.8,-0.860,0.602,0.289
2026-04-19T05:00:00Z,218901.5,250196.2,142351.7,-0.866,0.594,0.284
2026-04-19T06:00:00Z,215770.8,252321.4,143366.9,-0.873,0.586,0.280
2026-04-19T07:00:00Z,212616.6,254418.8,144366.3,-0.879,0.579,0.275
2026-04-19T08:00:00Z,209439.1,256488.1,145349.7,-0.886,0.571,0.271
2026-04-19T09:00:00Z,206238.9,258529.1,146317.0,-0.892,0.563,0.266
2026-04-19T10:00:00Z,203016.2,260541.7,147268.2,-0.898,0.555,0.262
2026-04-19T11:00:00Z,199771.3,262525.5,148203.2,-0.904,0.547,0.257
2026-04-19T12:00:00Z,196504.7,264480.4,149121.8,-0.910,0.539,0.253
2026-04-19T13:00:00Z,193216.7,266406.1,150023.9,-0.916,0.531,0.248
2026-04-19T14:00:00Z,189907.7,268302.5,150909.4,-0.922,0.523,0.244
2026-04-19T15:00:00Z,186578.0,270169.2,151778.3,-0.928,0.514,0.239
2026-04-19T16:00:00Z,183228.0,272006.3,152630.4,-0.933,0.506,0.234
2026-04-19T17:00:00Z,179858.1,273813.3,153465.7,-0.939,0.498,0.230
2026-04-19T18:00:00Z,176468.7,275590.2,154284.0,-0.944,0.489,0.225
2026-04-19T19:00:00Z,173060.0,277336.7,155085.3,-0.949,0.481,0.220
2026-04-19T20:00:00Z,169632.6,279052.6,155869.6,-0.955,0.472,0.215
2026-04-19T21:00:00Z,166186.8,280737.9,156636.6,-0.960,0.464,0.211
2026-04-19T22:00:00Z,162723.0,282392.2,157386.3,-0.965,0.455,0.206
2026-04-19T23:00:00Z,159241.5,284015.4,158118.7,-0.969,0.447,0.201
2026-04-20T00:00:00Z,155742.8,285607.4,158833.7,-0.974,0.438,0.196
2026-04-20T01:00:00Z,152227.2,287168.0,159531.2,-0.979,0.429,0.191
2026-04-20T02:00:00Z,148695.2,288696.9,160211.1,-0.983,0.420,0.186
2026-04-20T03:00:00Z,145147.1,290194.2,160873.3,-0.988,0.411,0.182
2026-04-20T04:00:00Z,141583.4,291659.5,161517.9,-0.992,0.403,0.177
2026-04-20T05:00:00Z,138004.4,293092.8,162144.7,-0.996,0.394,0.172
2026-04-20T06:00:00Z,134410.5,294493.9,162753.6,-1.000,0.385,0.167
2026-04-20T07:00:00Z,130802.1,295862.7,163344.7,-1.004,0.376,0.162
2026-04-20T08:00:00Z,127179.6,297199.0,163917.8,-1.008,0.367,0.157
2026-04-20T09:00:00Z,123543.5,298502.7,164472.9,-1.012,0.358,0.152
2026-04-20T10:00:00Z,119894.2,299773.7,165010.0,-1.016,0.348,0.147
2026-04-20T11:00:00Z,116232.0,301011.9,165528.9,-1.019,0.339,0.142
2026-04-20T12:00:00Z,112557.3,302217.0,166029.8,-1.022,0.330,0.137
2026-04-20T13:00:00Z,108870.6,303389.1,166512.4,-1.026,0.321,0.132
2026-04-20T14:00:00Z,105172.3,304528.0,166976.7,-1.029,0.312,0.126
2026-04-20T15:00:00Z,101462.8,305633.7,167422.8,-1.032,0.302,0.121
2026-04-20T16:00:00Z,97742.4,306705.9,167850.6,-1.035,0.293,0.116
2026-04-20T17:00:00Z,94011.7,307744.6,168260.1,-1.038,0.284,0.111
2026-04-20T18:00:00Z,90271.0,308749.7,168651.1,-1.040,0.275,0.106
2026-04-20T19:00:00Z,86520.7,309721.2,169023.7,-1.043,0.265,0.101
2026-04-20T20:00:00Z,82761.3,310658.9,169377.9,-1.046,0.256,0.096
2026-04-20T21:00:00Z,78993.2,311562.8,169713.6,-1.048,0.246,0.091
2026-04-20T22:00:00Z,75216.7,312432.7,170030.9,-1.050,0.237,0.086
2026-04-20T23:00:00Z,71432.4,313268.7,170329.6,-1.052,0.227,0.080
2026-04-21T00:00:00Z,67640.5,314070.6,170609.8,-1.054,0.218,0.075
2026-04-21T01:00:00Z,63841.6,314838.4,170871.4,-1.056,0.209,0.070
2026-04-21T02:00:00Z,60036.0,315572.0,171114.5,-1.058,0.199,0.065
2026-04-21T03:00:00Z,56224.2,316271.4,171339.0,-1.060,0.190,0.060
2026-04-21T04:00:00Z,52406.6,316936.6,171544.9,-1.061,0.180,0.055
2026-04-21T05:00:00Z,48583.5,317567.4,171732.2,-1.063,0.170,0.049
2026-04-21T06:00:00Z,44755.5,318163.9,171900.9,-1.064,0.161,0.044
2026-04-21T07:00:00Z,40922.9,318726.0,172051.1,-1.065,0.151,0.039
2026-04-21T08:00:00Z,37086.2,319253.7,172182.6,-1.066,0.142,0.034
2026-04-21T09:00:00Z,33245.7,319746.9,172295.5,-1.067,0.132,0.029
2026-04-21T10:00:00Z,29401.9,320205.6,172389.9,-1.068,0.123,0.024
2026-04-21T11:00:00Z,25555.2,320629.9,172465.7,-1.069,0.113,0.018
2026-04-21T12:00:00Z,21706.0,321019.7,172522.9,-1.070,0.103,0.013
2026-04-21T13:00:00Z,17854.7,321374.9,172561.5,-1.070,0.094,0.008
2026-04-21T14:00:00Z,14001.8,321695.6,172581.6,-1.070,0.084,0.003
2026-04-21T15:00:00Z,10147.6,321981.9,172583.1,-1.071,0.075,-0.002
2026-04-21T16:00:00Z,6292.6,322233.5,172566.1,-1.071,0.065,-0.007
2026-04-21T17:00:00Z,2437.2,322450.7,172530.7,-1.071,0.056,-0.012
2026-04-21T18:00:00Z,-1418.3,322633.4,172476.7,-1.071,0.046,-0.018
2026-04-21T19:00:00Z,-5273.3,322781.6,172404.3,-1.071,0.036,-0.023
2026-04-21T20:00:00Z,-9127.6,322895.3,172313.5,-1.070,0.027,-0.028
2026-04-21T21:00:00Z,-12980.6,322974.6,172204.3,-1.070,0.017,-0.033
2026-04-21T22:00:00Z,-16832.0,323019.5,172076.8,-1.070,0.008,-0.038
2026-04-21T23:00:00Z,-20681.4,323030.0,171930.9,-1.069,-0.002,-0.043
2026-04-22T00:00:00Z,-24528.4,323006.2,171766.7,-1.068,-0.011,-0.048
2026-04-22T01:00:00Z,-28372.5,322948.0,171584.2,-1.067,-0.021,-0.053
2026-04-22T02:00:00Z,-32213.4,322855.6,171383.6,-1.066,-0.030,-0.058
2026-04-22T03:00:00Z,-36050.6,322729.0,171164.7,-1.065,-0.040,-0.063
2026-04-22T04:00:00Z,-39883.8,322568.2,170927.8,-1.064,-0.049,-0.068
2026-04-22T05:00:00Z,-43712.6,322373.2,170672.7,-1.063,-0.059,-0.073
2026-04-22T06:00:00Z,-47536.6,322144.3,170399.6,-1.062,-0.068,-0.078
2026-04-22T07:00:00Z,-51355.3,321881.3,170108.5,-1.060,-0.078,-0.083
2026-04-22T08:00:00Z,-55168.4,321584.5,169799.5,-1.058,-0.087,-0.088
2026-04-22T09:00:00Z,-58975.5,321253.7,169472.6,-1.057,-0.097,-0.093
2026-04-22T10:00:00Z,-62776.2,320889.2,169127.9,-1.055,-0.106,-0.098
2026-04-22T11:00:00Z,-66570.1,320491.0,168765.4,-1.053,-0.115,-0.103
2026-04-22T12:00:00Z,-70356.8,320059.2,168385.2,-1.051,-0.125,-0.108
2026-04-22T13:00:00Z,-74135.9,319593.9,167987.3,-1.049,-0.134,-0.113
2026-04-22T14:00:00Z,-77907.2,319095.1,167571.9,-1.046,-0.143,-0.118
2026-04-22T15:00:00Z,-81670.1,318563.0,167138.9,-1.044,-0.152,-0.123
2026-04-22T16:00:00Z,-85424.2,317997.6,166688.5,-1.042,-0.162,-0.128
2026-04-22T17:00:00Z,-89169.3,317399.0,166220.7,-1.039,-0.171,-0.132
2026-04-22T18:00:00Z,-92905.0,316767.4,165735.6,-1.036,-0.180,-0.137
2026-04-22T19:00:00Z,-96630.8,316102.9,165233.2,-1.034,-0.189,-0.142
2026-04-22T20:00:00Z,-100346.4,315405.5,164713.6,-1.031,-0.198,-0.147
2026-04-22T21:00:00Z,-104051.5,314675.4,164177.0,-1.028,-0.207,-0.151
2026-04-22T22:00:00Z,-107745.6,313912.7,163623.3,-1.025,-0.216,-0.156
2026-04-22T23:00:00Z,-111428.4,313117.5,163052.7,-1.021,-0.225,-0.161
2026-04-23T00:00:00Z,-115099.6,312289.9,162465.3,-1.018,-0.234,-0.166
2026-04-23T01:00:00Z,-118758.7,311430.1,161861.0,-1.015,-0.243,-0.170
2026-04-23T02:00:00Z,-122405.4,310538.2,161240.1,-1.011,-0.252,-0.175
2026-04-23T03:00:00Z,-126039.4,309614.4,160602.6,-1.008,-0.261,-0.179
2026-04-23T04:00:00Z,-129660.4,308658.6,159948.5,-1.004,-0.270,-0.184
2026-04-23T05:00:00Z,-133267.8,307671.2,159278.1,-1.000,-0.279,-0.189
2026-04-23T06:00:00Z,-136861.5,306652.3,158591.2,-0.996,-0.287,-0.193
2026-04-23T07:00:00Z,-140441.1,305601.9,157888.2,-0.992,-0.296,-0.198
2026-04-23T08:00:00Z,-144006.2,304520.3,157168.9,-0.988,-0.305,-0.202
2026-04-23T09:00:00Z,-147556.5,303407.5,156433.6,-0.984,-0.313,-0.206
2026-04-23T10:00:00Z,-151091.6,302263.8,155682.4,-0.980,-0.322,-0.211
2026-04-23T11:00:00Z,-154611.2,301089.3,154915.3,-0.975,-0.331,-0.215
2026-04-23T12:00:00Z,-158115.0,299884.2,154132.4,-0.971,-0.339,-0.220
2026-04-23T13:00:00Z,-161602.6,298648.5,153333.8,-0.967,-0.347,-0.224
2026-04-23T14:00:00Z,-165073.8,297382.6,152519.7,-0.962,-0.356,-0.228
2026-04-23T15:00:00Z,-168528.2,296086.5,151690.1,-0.957,-0.364,-0.233
2026-04-23T16:00:00Z,-171965.4,294760.5,150845.2,-0.952,-0.372,-0.237
2026-04-23T17:00:00Z,-175385.2,293404.6,149985.0,-0.947,-0.381,-0.241
2026-04-23T18:00:00Z,-178787.2,292019.2,149109.6,-0.943,-0.389,-0.245
2026-04-23T19:00:00Z,-182171.2,290604.3,148219.3,-0.937,-0.397,-0.249
2026-04-23T20:00:00Z,-185536.8,289160.1,147314.0,-0.932,-0.405,-0.254
2026-04-23T21:00:00Z,-188883.6,287686.8,146393.9,-0.927,-0.413,-0.258
2026-04-23T22:00:00Z,-192211.5,286184.7,145459.0,-0.922,-0.421,-0.262
2026-04-23T23:00:00Z,-195520.1,284653.9,144509.6,-0.916,-0.429,-0.266
2026-04-24T00:00:00Z,-198809.0,283094.5,143545.8,-0.911,-0.437,-0.270
2026-04-24T01:00:00Z,-202078.1,281506.9,142567.5,-0.905,-0.445,-0.274
2026-04-24T02:00:00Z,-205326.9,279891.1,141575.0,-0.900,-0.453,-0.278
2026-04-24T03:00:00Z,-208555.3,278247.4,140568.4,-0.894,-0.460,-0.282
2026-04-24T04:00:00Z,-211762.9,276576.0,139547.8,-0.888,-0.468,-0.285
2026-04-24T05:00:00Z,-214949.5,274877.0,138513.4,-0.882,-0.476,-0.289
2026-04-24T06:00:00Z,-218114.7,273150.8,137465.1,-0.876,-0.483,-0.293
2026-04-24T07:00:00Z,-221258.3,271397.4,136403.2,-0.870,-0.491,-0.297
2026-04-24T08:00:00Z,-224380.0,269617.2,135327.8,-0.864,-0.498,-0.301
2026-04-24T09:00:00Z,-227479.5,267810.3,134239.0,-0.858,-0.506,-0.304
2026-04-24T10:00:00Z,-230556.6,265976.9,133137.0,-0.852,-0.513,-0.308
2026-04-24T11:00:00Z,-233611.0,264117.2,132021.8,-0.845,-0.520,-0.312
2026-04-24T12:00:00Z,-236642.4,262231.6,130893.6,-0.839,-0.527,-0.315
2026-04-24T13:00:00Z,-239650.6,260320.1,129752.5,-0.832,-0.535,-0.319
2026-04-24T14:00:00Z,-242635.3,258383.0,128598.6,-0.826,-0.542,-0.322
2026-04-24T15:00:00Z,-245596.3,256420.5,127432.2,-0.819,-0.549,-0.326
2026-04-24T16:00:00Z,-248533.3,254433.0,126253.2,-0.812,-0.556,-0.329
2026-04-24T17:00:00Z,-251446.0,252420.5,125061.9,-0.806,-0.562,-0.333
2026-04-24T18:00:00Z,-254334.2,250383.3,123858.3,-0.799,-0.569,-0.336
2026-04-24T19:00:00Z,-257197.7,248321.6,122642.7,-0.792,-0.576,-0.339
2026-04-24T20:00:00Z,-260036.3,246235.8,121415.1,-0.785,-0.583,-0.343
2026-04-24T21:00:00Z,-262849.6,244125.9,120175.7,-0.778,-0.589,-0.346
2026-04-24T22:00:00Z,-265637.6,241992.3,118924.5,-0.771,-0.596,-0.349
2026-04-24T23:00:00Z,-268399.8,239835.2,117661.9,-0.764,-0.602,-0.352
2026-04-25T00:00:00Z,-271136.1,237654.9,116387.8,-0.756,-0.609,-0.355
2026-04-25T01:00:00Z,-273846.4,235451.4,115102.4,-0.749,-0.615,-0.359
2026-04-25T02:00:00Z,-276530.3,233225.3,113806.0,-0.742,-0.622,-0.362
2026-04-25T03:00:00Z,-279187.6,230976.5,112498.5,-0.734,-0.628,-0.365
2026-04-25T04:00:00Z,-281818.2,228705.5,111180.1,-0.727,-0.634,-0.368
2026-04-25T05:00:00Z,-284421.8,226412.4,109851.1,-0.719,-0.640,-0.371
2026-04-25T06:00:00Z,-286998.2,224097.5,108511.4,-0.712,-0.646,-0.374
2026-04-25T07:00:00Z,-289547.3,221761.0,107161.4,-0.704,-0.652,-0.376
2026-04-25T08:00:00Z,-292068.7,219403.3,105801.0,-0.697,-0.658,-0.379
2026-04-25T09:00:00Z,-294562.4,217024.5,104430.5,-0.689,-0.664,-0.382
2026-04-25T10:00:00Z,-297028.0,214624.9,103050.0,-0.681,-0.669,-0.385
2026-04-25T11:00:00Z,-299465.5,212204.8,101659.6,-0.673,-0.675,-0.388
2026-04-25T12:00:00Z,-301874.7,209764.4,100259.5,-0.665,-0.681,-0.390
2026-04-25T13:00:00Z,-304255.2,207303.9,98849.9,-0.657,-0.686,-0.393
2026-04-25T14:00:00Z,-306607.1,204823.7,97430.8,-0.649,-0.692,-0.395
2026-04-25T15:00:00Z,-308930.1,202324.0,96002.5,-0.641,-0.697,-0.398
2026-04-25T16:00:00Z,-311223.9,199805.0,94565.0,-0.633,-0.702,-0.401
2026-04-25T17:00:00Z,-313488.6,197267.1,93118.5,-0.625,-0.708,-0.403
2026-04-25T18:00:00Z,-315723.7,194710.4,91663.3,-0.617,-0.713,-0.405
2026-04-25T19:00:00Z,-317929.4,192135.3,90199.3,-0.609,-0.718,-0.408
2026-04-25T20:00:00Z,-320105.2,189541.9,88726.8,-0.600,-0.723,-0.410
2026-04-25T21:00:00Z,-322251.1,186930.7,87245.9,-0.592,-0.728,-0.413
2026-04-25T22:00:00Z,-324367.0,184301.8,85756.7,-0.584,-0.733,-0.415
2026-04-25T23:00:00Z,-326452.7,181655.5,84259.5,-0.575,-0.737,-0.417
2026-04-26T00:00:00Z,-328507.9,178992.0,82754.3,-0.567,-0.742,-0.419
2026-04-26T01:00:00Z,-330532.7,176311.8,81241.4,-0.558,-0.747,-0.421
2026-04-26T02:00:00Z,-332526.8,173614.9,79720.8,-0.550,-0.751,-0.423
2026-04-26T03:00:00Z,-334490.1,170901.7,78192.7,-0.541,-0.756,-0.425
2026-04-26T04:00:00Z,-336422.5,168172.5,76657.3,-0.532,-0.760,-0.428
2026-04-26T05:00:00Z,-338323.8,165427.5,75114.7,-0.524,-0.765,-0.429
2026-04-26T06:00:00Z,-340193.9,162667.0,73565.1,-0.515,-0.769,-0.431
2026-04-26T07:00:00Z,-342032.6,159891.3,72008.5,-0.506,-0.773,-0.433
2026-04-26T08:00:00Z,-343839.9,157100.7,70445.3,-0.498,-0.777,-0.435
2026-04-26T09:00:00Z,-345615.7,154295.3,68875.5,-0.489,-0.781,-0.437
2026-04-26T10:00:00Z,-347359.7,151475.6,67299.2,-0.480,-0.785,-0.439
2026-04-26T11:00:00Z,-349071.9,148641.8,65716.7,-0.471,-0.789,-0.440
2026-04-26T12:00:00Z,-350752.2,145794.1,64128.1,-0.462,-0.793,-0.442
2026-04-26T13:00:00Z,-352400.5,142932.8,62533.5,-0.453,-0.797,-0.444
2026-04-26T14:00:00Z,-354016.7,140058.3,60933.1,-0.444,-0.800,-0.445
2026-04-26T15:00:00Z,-355600.6,137170.7,59327.0,-0.435,-0.804,-0.447
2026-04-26T16:00:00Z,-357152.1,134270.5,57715.4,-0.426,-0.807,-0.448
2026-04-26T17:00:00Z,-358671.3,131357.7,56098.5,-0.417,-0.811,-0.450
2026-04-26T18:00:00Z,-360157.9,128432.8,54476.3,-0.408,-0.814,-0.451
2026-04-26T19:00:00Z,-361611.9,125496.0,52849.1,-0.399,-0.817,-0.453
2026-04-26T20:00:00Z,-363033.2,122547.6,51217.1,-0.390,-0.821,-0.454
2026-04-26T21:00:00Z,-364421.7,119587.9,49580.3,-0.381,-0.824,-0.455
2026-04-26T22:00:00Z,-365777.4,116617.1,47938.9,-0.372,-0.827,-0.457
2026-04-26T23:00:00Z,-367100.1,113635.6,46293.1,-0.363,-0.830,-0.458
2026-04-27T00:00:00Z,-368389.8,110643.5,44642.9,-0.354,-0.833,-0.459
2026-04-27T01:00:00Z,-369646.4,107641.3,42988.7,-0.344,-0.835,-0.460
2026-04-27T02:00:00Z,-370869.8,104629.1,41330.5,-0.335,-0.838,-0.461
2026-04-27T03:00:00Z,-372060.0,101607.3,39668.5,-0.326,-0.841,-0.462
2026-04-27T04:00:00Z,-373217.0,98576.1,38002.8,-0.317,-0.843,-0.463
2026-04-27T05:00:00Z,-374340.6,95535.9,36333.7,-0.307,-0.846,-0.464
2026-04-27T06:00:00Z,-375430.7,92486.8,34661.1,-0.298,-0.848,-0.465
2026-04-27T07:00:00Z,-376487.5,89429.3,32985.4,-0.289,-0.850,-0.466
2026-04-27T08:00:00Z,-377510.7,86363.5,31306.6,-0.280,-0.853,-0.467
2026-04-27T09:00:00Z,-378500.4,83289.7,29624.9,-0.270,-0.855,-0.468
2026-04-27T10:00:00Z,-379456.5,80208.3,27940.5,-0.261,-0.857,-0.468
2026-04-27T11:00:00Z,-380379.0,77119.5,26253.5,-0.252,-0.859,-0.469
2026-04-27T12:00:00Z,-381267.8,74023.6,24564.0,-0.242,-0.861,-0.470
2026-04-27T13:00:00Z,-382122.8,70920.9,22872.3,-0.233,-0.863,-0.470
2026-04-27T14:00:00Z,-382944.2,67811.7,21178.4,-0.223,-0.865,-0.471
2026-04-27T15:00:00Z,-383731.7,64696.1,19482.5,-0.214,-0.866,-0.471
2026-04-27T16:00:00Z,-384485.5,61574.7,17784.8,-0.205,-0.868,-0.472
2026-04-27T17:00:00Z,-385205.5,58447.5,16085.5,-0.195,-0.869,-0.472
2026-04-27T18:00:00Z,-385891.6,55314.9,14384.6,-0.186,-0.871,-0.473
2026-04-27T19:00:00Z,-386543.8,52177.2,12682.3,-0.176,-0.872,-0.473
2026-04-27T20:00:00Z,-387162.2,49034.6,10978.9,-0.167,-0.874,-0.473
2026-04-27T21:00:00Z,-387746.7,45887.5,9274.3,-0.158,-0.875,-0.474
2026-04-27T22:00:00Z,-388297.3,42736.1,7568.8,-0.148,-0.876,-0.474
2026-04-27T23:00:00Z,-388814.1,39580.7,5862.6,-0.139,-0.877,-0.474
2026-04-28T00:00:00Z,-389296.9,36421.5,4155.7,-0.129,-0.878,-0.474
2026-04-28T01:00:00Z,-389745.8,33259.0,2448.4,-0.120,-0.879,-0.474
2026-04-28T02:00:00Z,-390160.8,30093.2,740.7,-0.111,-0.880,-0.474
2026-04-28T03:00:00Z,-390541.9,26924.6,-967.1,-0.101,-0.881,-0.474
2026-04-28T04:00:00Z,-390889.1,23753.3,-2674.9,-0.092,-0.881,-0.474
2026-04-28T05:00:00Z,-391202.5,20579.7,-4382.6,-0.082,-0.882,-0.474
2026-04-28T06:00:00Z,-391482.0,17404.1,-6090.1,-0.073,-0.882,-0.474
2026-04-28T07:00:00Z,-391727.6,14226.7,-7797.1,-0.064,-0.883,-0.474
2026-04-28T08:00:00Z,-391939.5,11047.8,-9503.6,-0.054,-0.883,-0.474
2026-04-28T09:00:00Z,-392117.5,7867.7,-11209.3,-0.045,-0.884,-0.474
2026-04-28T10:00:00Z,-392261.7,4686.6,-12914.2,-0.035,-0.884,-0.473
2026-04-28T11:00:00Z,-392372.2,1504.8,-14618.1,-0.026,-0.884,-0.473
2026-04-28T12:00:00Z,-392449.0,-1677.3,-16320.8,-0.017,-0.884,-0.473
2026-04-28T13:00:00Z,-392492.1,-4859.6,-18022.2,-0.007,-0.884,-0.472
2026-04-28T14:00:00Z,-392501.6,-8041.7,-19722.2,0.002,-0.884,-0.472
2026-04-28T15:00:00Z,-392477.4,-11223.4,-21420.5,0.011,-0.884,-0.472
2026-04-28T16:00:00Z,-392419.6,-14404.3,-23117.2,0.021,-0.883,-0.471
2026-04-28T17:00:00Z,-392328.4,-17584.4,-24811.9,0.030,-0.883,-0.470
2026-04-28T18:00:00Z,-392203.6,-20763.1,-26504.7,0.039,-0.883,-0.470
2026-04-28T19:00:00Z,-392045.4,-23940.4,-28195.2,0.049,-0.882,-0.469
2026-04-28T20:00:00Z,-391853.9,-27115.9,-29883.5,0.058,-0.882,-0.469
2026-04-28T21:00:00Z,-391629.0,-30289.3,-31569.3,0.067,-0.881,-0.468
2026-04-28T22:00:00Z,-391370.8,-33460.4,-33252.6,0.076,-0.881,-0.467
2026-04-28T23:00:00Z,-391079.4,-36628.9,-34933.1,0.086,-0.880,-0.466
2026-04-29T00:00:00Z,-390754.9,-39794.6,-36610.7,0.095,-0.879,-0.466
2026-04-29T01:00:00Z,-390397.3,-42957.1,-38285.3,0.104,-0.878,-0.465
2026-04-29T02:00:00Z,-390006.7,-46116.3,-39956.8,0.113,-0.877,-0.464
2026-04-29T03:00:00Z,-389583.1,-49271.8,-41624.9,0.122,-0.876,-0.463
2026-04-29T04:00:00Z,-389126.7,-52423.4,-43289.7,0.131,-0.875,-0.462
2026-04-29T05:00:00Z,-388637.4,-55570.8,-44950.9,0.140,-0.874,-0.461
2026-04-29T06:00:00Z,-388115.4,-58713.8,-46608.3,0.150,-0.872,-0.460
2026-04-29T07:00:00Z,-387560.8,-61852.1,-48262.0,0.159,-0.871,-0.459
2026-04-29T08:00:00Z,-386973.6,-64985.4,-49911.6,0.168,-0.870,-0.458
2026-04-29T09:00:00Z,-386354.0,-68113.5,-51557.2,0.177,-0.868,-0.457
2026-04-29T10:00:00Z,-385701.9,-71236.1,-53198.5,0.186,-0.867,-0.455
2026-04-29T11:00:00Z,-385017.6,-74353.0,-54835.4,0.195,-0.865,-0.454
2026-04-29T12:00:00Z,-384301.0,-77463.9,-56467.8,0.204,-0.863,-0.453
2026-04-29T13:00:00Z,-383552.3,-80568.5,-58095.6,0.212,-0.862,-0.451
2026-04-29T14:00:00Z,-382771.7,-83666.7,-59718.6,0.221,-0.860,-0.450
2026-04-29T15:00:00Z,-381959.0,-86758.0,-61336.7,0.230,-0.858,-0.449
2026-04-29T16:00:00Z,-381114.6,-89842.4,-62949.7,0.239,-0.856,-0.447
2026-04-29T17:00:00Z,-380238.4,-92919.5,-64557.5,0.248,-0.854,-0.446
2026-04-29T18:00:00Z,-379330.7,-95989.1,-66160.1,0.257,-0.852,-0.444
2026-04-29T19:00:00Z,-378391.4,-99051.0,-67757.2,0.265,-0.849,-0.443
2026-04-29T20:00:00Z,-377420.8,-102104.8,-69348.8,0.274,-0.847,-0.441
2026-04-29T21:00:00Z,-376418.8,-105150.4,-70934.7,0.283,-0.845,-0.440
2026-04-29T22:00:00Z,-375385.7,-108187.4,-72514.8,0.291,-0.842,-0.438
2026-04-29T23:00:00Z,-374321.6,-111215.7,-74088.9,0.300,-0.840,-0.436
2026-04-30T00:00:00Z,-373226.5,-114235.1,-75656.9,0.308,-0.837,-0.435
2026-04-30T01:00:00Z,-372100.6,-117245.1,-77218.8,0.317,-0.835,-0.433
2026-04-30T02:00:00Z,-370944.0,-120245.8,-78774.4,0.326,-0.832,-0.431
2026-04-30T03:00:00Z,-369756.9,-123236.7,-80323.5,0.334,-0.829,-0.429
2026-04-30T04:00:00Z,-368539.3,-126217.6,-81866.0,0.342,-0.827,-0.428
2026-04-30T05:00:00Z,-367291.5,-129188.3,-83401.9,0.351,-0.824,-0.426
2026-04-30T06:00:00Z,-366013.5,-132148.6,-84931.0,0.359,-0.821,-0.424
2026-04-30T07:00:00Z,-364705.4,-135098.3,-86453.1,0.368,-0.818,-0.422
2026-04-30T08:00:00Z,-363367.4,-138037.0,-87968.2,0.376,-0.815,-0.420
2026-04-30T09:00:00Z,-361999.7,-140964.6,-89476.1,0.384,-0.812,-0.418
2026-04-30T10:00:00Z,-360602.4,-143880.8,-90976.8,0.392,-0.808,-0.416
2026-04-30T11:00:00Z,-359175.6,-146785.5,-92470.0,0.400,-0.805,-0.414
2026-04-30T12:00:00Z,-357719.5,-149678.3,-93955.7,0.409,-0.802,-0.412
2026-04-30T13:00:00Z,-356234.1,-152559.0,-95433.8,0.417,-0.799,-0.410
2026-04-30T14:00:00Z,-354719.8,-155427.5,-96904.1,0.425,-0.795,-0.407
2026-04-30T15:00:00Z,-353176.5,-158283.4,-98366.6,0.433,-0.792,-0.405
2026-04-30T16:00:00Z,-351604.6,-161126.6,-99821.1,0.441,-0.788,-0.403
2026-04-30T17:00:00Z,-350004.0,-163956.9,-101267.5,0.449,-0.784,-0.401
2026-04-30T18:00:00Z,-348375.1,-166774.0,-102705.7,0.456,-0.781,-0.398
2026-04-30T19:00:00Z,-346717.8,-169577.7,-104135.6,0.464,-0.777,-0.396
2026-04-30T20:00:00Z,-345032.5,-172367.7,-105557.0,0.472,-0.773,-0.394
2026-04-30T21:00:00Z,-343319.2,-175144.0,-106970.0,0.480,-0.769,-0.391
2026-04-30T22:00:00Z,-341578.2,-177906.2,-108374.2,0.487,-0.765,-0.389
2026-04-30T23:00:00Z,-339809.5,-180654.1,-109769.8,0.495,-0.761,-0.386
2026-05-01T00:00:00Z,-338013.4,-183387.5,-111156.4,0.503,-0.757,-0.384
